band_1based,wavelength_nm,nodata_fraction,gain,offset,model_weight
1,418.416,0.2611914401388086,1e-04,0.0,0.8
2,424.043,0.2611914401388086,1e-04,0.0,0.8
3,429.457,0.2611914401388086,1e-04,0.0,0.8
4,434.686,0.2611914401388086,1e-04,0.0,1.0
5,439.757,0.2611914401388086,1e-04,0.0,1.0
6,444.699,0.2611914401388086,1e-04,0.0,1.0
7,449.539,0.2611914401388086,1e-04,0.0,1.0
8,454.306,0.2611914401388086,1e-04,0.0,1.0
9,459.031,0.2611914401388086,1e-04,0.0,1.0
10,463.73,0.2611914401388086,1e-04,0.0,1.0
11,468.411,0.2611914401388086,1e-04,0.0,1.0
12,473.08,0.2611914401388086,1e-04,0.0,1.0
13,477.744,0.2611914401388086,1e-04,0.0,1.0
14,482.411,0.2611914401388086,1e-04,0.0,1.0
15,487.087,0.2611914401388086,1e-04,0.0,1.0
16,491.78,0.2611914401388086,1e-04,0.0,1.0
17,496.497,0.2611914401388086,1e-04,0.0,1.0
18,501.243,0.2611914401388086,1e-04,0.0,1.0
19,506.02,0.2611914401388086,1e-04,0.0,1.0
20,510.828,0.2611914401388086,1e-04,0.0,1.0
21,515.672,0.2611914401388086,1e-04,0.0,1.0
22,520.55,0.2611914401388086,1e-04,0.0,1.0
23,525.467,0.2611914401388086,1e-04,0.0,1.0
24,530.424,0.2611914401388086,1e-04,0.0,1.0
25,535.422,0.2611914401388086,1e-04,0.0,1.0
26,540.463,0.2611914401388086,1e-04,0.0,1.0
27,545.551,0.2611914401388086,1e-04,0.0,1.0
28,550.687,0.2611914401388086,1e-04,0.0,1.0
29,555.873,0.2611914401388086,1e-04,0.0,1.0
30,561.112,0.2611914401388086,1e-04,0.0,1.0
31,566.405,0.2611914401388086,1e-04,0.0,1.0
32,571.756,0.2611914401388086,1e-04,0.0,1.0
33,577.166,0.2611914401388086,1e-04,0.0,1.0
34,582.636,0.2611914401388086,1e-04,0.0,1.0
35,588.171,0.2611914401388086,1e-04,0.0,1.0
36,593.773,0.2611914401388086,1e-04,0.0,1.0
37,599.446,0.2611914401388086,1e-04,0.0,1.0
38,605.193,0.2611914401388086,1e-04,0.0,1.0
39,611.017,0.2611914401388086,1e-04,0.0,1.0
40,616.923,0.2611914401388086,1e-04,0.0,1.0
41,622.92,0.2611914401388086,1e-04,0.0,1.0
42,628.987,0.2611914401388086,1e-04,0.0,1.0
43,635.112,0.2611914401388086,1e-04,0.0,1.0
44,641.294,0.2611914401388086,1e-04,0.0,1.0
45,647.537,0.2611914401388086,1e-04,0.0,1.0
46,653.841,0.2611914401388086,1e-04,0.0,1.0
47,660.207,0.2611914401388086,1e-04,0.0,1.0
48,666.637,0.2611914401388086,1e-04,0.0,1.0
49,673.131,0.2611914401388086,1e-04,0.0,1.0
50,679.691,0.2611914401388086,1e-04,0.0,1.0
51,686.319,0.2611914401388086,1e-04,0.0,1.0
52,693.014,0.2611914401388086,1e-04,0.0,1.0
53,699.78,0.2611914401388086,1e-04,0.0,1.0
54,706.617,0.2611914401388086,1e-04,0.0,1.35
55,713.524,0.2611914401388086,1e-04,0.0,1.35
56,720.501,0.2611914401388086,1e-04,0.0,1.35
57,727.545,0.2611914401388086,1e-04,0.0,1.35
58,734.654,0.2611914401388086,1e-04,0.0,1.35
59,741.826,0.2611914401388086,1e-04,0.0,1.35
60,749.06,0.2611914401388086,1e-04,0.0,1.35
61,756.353,0.2611914401388086,1e-04,0.0,1.35
62,763.703,0.2611914401388086,1e-04,0.0,1.35
63,771.108,0.2611914401388086,1e-04,0.0,1.35
64,778.567,0.2611914401388086,1e-04,0.0,1.35
65,786.078,0.2611914401388086,1e-04,0.0,1.35
66,793.639,0.2611914401388086,1e-04,0.0,1.35
67,801.248,0.2611914401388086,1e-04,0.0,1.35
68,808.905,0.2611914401388086,1e-04,0.0,1.35
69,816.608,0.2611914401388086,1e-04,0.0,1.35
70,824.355,0.2611914401388086,1e-04,0.0,1.35
71,832.145,0.2611914401388086,1e-04,0.0,1.35
72,839.976,0.2611914401388086,1e-04,0.0,1.35
73,847.847,0.2611914401388086,1e-04,0.0,1.35
74,855.757,0.2611914401388086,1e-04,0.0,1.35
75,863.703,0.2611914401388086,1e-04,0.0,1.35
76,871.683,0.2611914401388086,1e-04,0.0,1.35
77,879.692,0.2611914401388086,1e-04,0.0,1.35
78,887.729,0.2611914401388086,1e-04,0.0,1.35
79,895.789,0.2611914401388086,1e-04,0.0,1.35
80,901.962,0.2611914401388086,1e-04,0.0,1.35
81,903.87,0.2611914401388086,1e-04,0.0,1.35
82,911.572,0.2611914401388086,1e-04,0.0,1.35
83,911.968,0.2611914401388086,1e-04,0.0,1.35
84,920.08,0.2611914401388086,1e-04,0.0,1.35
85,921.32,0.2611914401388086,1e-04,0.0,1.35
86,928.204,0.2611914401388086,1e-04,0.0,1.35
87,931.204,0.2611914401388086,1e-04,0.0,1.35
88,936.335,0.2611914401388086,1e-04,0.0,1.35
89,941.218,0.2611914401388086,1e-04,0.0,1.35
90,944.47,0.2611914401388086,1e-04,0.0,1.35
91,951.361,0.2611914401388086,1e-04,0.0,1.35
92,952.608,0.2611914401388086,1e-04,0.0,1.35
93,960.748,0.2611914401388086,1e-04,0.0,1.35
94,961.629,0.2611914401388086,1e-04,0.0,1.35
95,968.891,0.2611914401388086,1e-04,0.0,1.35
96,972.017,0.2611914401388086,1e-04,0.0,1.35
97,977.037,0.2611914401388086,1e-04,0.0,1.35
98,982.524,0.2611914401388086,1e-04,0.0,1.35
99,985.186,0.2611914401388086,1e-04,0.0,1.35
100,993.145,0.2611914401388086,1e-04,0.0,1.35
101,993.338,0.2611914401388086,1e-04,0.0,1.35
102,1003.88,0.2611914401388086,1e-04,0.0,1.0
103,1014.72,0.2611914401388086,1e-04,0.0,1.0
104,1025.66,0.2611914401388086,1e-04,0.0,1.0
105,1036.7,0.2611914401388086,1e-04,0.0,1.0
106,1047.84,0.2611914401388086,1e-04,0.0,1.0
107,1059.07,0.2611914401388086,1e-04,0.0,1.0
108,1070.39,0.2611914401388086,1e-04,0.0,1.0
109,1081.79,0.2611914401388086,1e-04,0.0,1.0
110,1093.26,0.2611914401388086,1e-04,0.0,1.0
111,1104.81,0.2611914401388086,1e-04,0.0,1.0
112,1116.43,0.2611914401388086,1e-04,0.0,1.0
113,1128.11,0.2611914401388086,1e-04,0.0,1.0
114,1139.84,0.2611914401388086,1e-04,0.0,1.0
115,1151.62,0.2611914401388086,1e-04,0.0,1.0
116,1163.44,0.2611914401388086,1e-04,0.0,1.0
117,1175.31,0.2611914401388086,1e-04,0.0,1.0
118,1187.2,0.2611914401388086,1e-04,0.0,1.0
119,1199.11,0.2611914401388086,1e-04,0.0,1.0
120,1211.05,0.2611914401388086,1e-04,0.0,1.0
121,1223.0,0.2611914401388086,1e-04,0.0,1.0
122,1234.97,0.2611914401388086,1e-04,0.0,1.0
123,1246.95,0.2611914401388086,1e-04,0.0,1.0
124,1258.93,0.2611914401388086,1e-04,0.0,1.0
125,1270.92,0.2611914401388086,1e-04,0.0,1.0
126,1282.92,0.2611914401388086,1e-04,0.0,1.0
127,1294.91,0.2611914401388086,1e-04,0.0,1.0
128,1306.9,0.2611914401388086,1e-04,0.0,1.0
129,1318.88,0.2611914401388086,1e-04,0.0,1.0
130,1330.86,0.2611914401388086,1e-04,0.0,1.0
136,1449.43,0.2611914401388086,1e-04,0.0,1.0
137,1461.11,0.2611914401388086,1e-04,0.0,1.0
138,1472.74,0.2611914401388086,1e-04,0.0,1.0
139,1484.34,0.2611914401388086,1e-04,0.0,1.0
140,1495.89,0.2611914401388086,1e-04,0.0,1.0
141,1507.4,0.2611914401388086,1e-04,0.0,1.0
142,1518.87,0.2611914401388086,1e-04,0.0,1.0
143,1530.29,0.2611914401388086,1e-04,0.0,1.0
144,1541.68,0.2611914401388086,1e-04,0.0,1.0
145,1553.01,0.2611914401388086,1e-04,0.0,1.0
146,1564.31,0.2611914401388086,1e-04,0.0,1.0
147,1575.55,0.2611914401388086,1e-04,0.0,1.0
148,1586.76,0.2611914401388086,1e-04,0.0,1.0
149,1597.91,0.2611914401388086,1e-04,0.0,1.0
150,1609.02,0.2611914401388086,1e-04,0.0,1.0
151,1620.09,0.2611914401388086,1e-04,0.0,1.0
152,1631.11,0.2611914401388086,1e-04,0.0,1.0
153,1642.08,0.2611914401388086,1e-04,0.0,1.0
154,1653.0,0.2611914401388086,1e-04,0.0,1.0
155,1663.87,0.2611914401388086,1e-04,0.0,1.0
156,1674.7,0.2611914401388086,1e-04,0.0,1.0
157,1685.47,0.2611914401388086,1e-04,0.0,1.0
158,1696.2,0.2611914401388086,1e-04,0.0,1.0
159,1706.87,0.2611914401388086,1e-04,0.0,1.0
160,1717.5,0.2611914401388086,1e-04,0.0,1.0
161,1728.08,0.2611914401388086,1e-04,0.0,1.0
162,1738.6,0.2611914401388086,1e-04,0.0,1.0
163,1749.08,0.2611914401388086,1e-04,0.0,1.0
164,1759.51,0.2611914401388086,1e-04,0.0,1.0
165,1769.89,0.2611914401388086,1e-04,0.0,1.0
166,1780.22,0.2611914401388086,1e-04,0.0,1.0
167,1967.66,0.2611914401388086,1e-04,0.0,1.0
168,1977.08,0.2611914401388086,1e-04,0.0,1.0
169,1986.45,0.2611914401388086,1e-04,0.0,1.0
170,1995.79,0.2611914401388086,1e-04,0.0,1.0
171,2005.08,0.2611914401388086,1e-04,0.0,1.75
172,2014.33,0.2611914401388086,1e-04,0.0,1.75
173,2023.54,0.2611914401388086,1e-04,0.0,1.75
174,2032.71,0.2611914401388086,1e-04,0.0,1.75
175,2041.83,0.2611914401388086,1e-04,0.0,1.75
176,2050.92,0.2611914401388086,1e-04,0.0,1.75
177,2059.96,0.2611914401388086,1e-04,0.0,1.75
178,2068.97,0.2611914401388086,1e-04,0.0,1.75
179,2077.93,0.2611914401388086,1e-04,0.0,1.75
180,2086.86,0.2611914401388086,1e-04,0.0,1.75
181,2095.74,0.2611914401388086,1e-04,0.0,1.75
182,2104.59,0.2611914401388086,1e-04,0.0,1.75
183,2113.4,0.2611914401388086,1e-04,0.0,1.75
184,2122.17,0.2611914401388086,1e-04,0.0,1.75
185,2130.9,0.2611914401388086,1e-04,0.0,1.75
186,2139.6,0.2611914401388086,1e-04,0.0,1.75
187,2148.26,0.2611914401388086,1e-04,0.0,1.75
188,2156.88,0.2611914401388086,1e-04,0.0,1.75
189,2165.47,0.2611914401388086,1e-04,0.0,1.75
190,2174.02,0.2611914401388086,1e-04,0.0,1.75
191,2182.53,0.2611914401388086,1e-04,0.0,1.75
192,2191.01,0.2611914401388086,1e-04,0.0,1.75
193,2199.46,0.2611914401388086,1e-04,0.0,1.75
194,2207.86,0.2611914401388086,1e-04,0.0,1.75
195,2216.24,0.2611914401388086,1e-04,0.0,1.75
196,2224.58,0.2611914401388086,1e-04,0.0,1.75
197,2232.89,0.2611914401388086,1e-04,0.0,1.75
198,2241.16,0.2611914401388086,1e-04,0.0,1.75
199,2249.4,0.2611914401388086,1e-04,0.0,1.75
200,2257.61,0.2611914401388086,1e-04,0.0,1.75
201,2265.79,0.2611914401388086,1e-04,0.0,1.75
202,2273.93,0.2611914401388086,1e-04,0.0,1.75
203,2282.04,0.2611914401388086,1e-04,0.0,1.75
204,2290.12,0.2611914401388086,1e-04,0.0,1.75
205,2298.17,0.2611914401388086,1e-04,0.0,1.75
206,2306.19,0.2611914401388086,1e-04,0.0,1.75
207,2314.18,0.2611914401388086,1e-04,0.0,1.75
208,2322.13,0.2611914401388086,1e-04,0.0,1.75
209,2330.05,0.2611914401388086,1e-04,0.0,1.75
210,2337.94,0.2611914401388086,1e-04,0.0,1.75
211,2345.81,0.2611914401388086,1e-04,0.0,1.75
212,2353.64,0.2611914401388086,1e-04,0.0,1.75
213,2361.44,0.2611914401388086,1e-04,0.0,1.75
214,2369.21,0.2611914401388086,1e-04,0.0,1.75
215,2376.95,0.2611914401388086,1e-04,0.0,1.75
216,2384.66,0.2611914401388086,1e-04,0.0,1.75
217,2392.34,0.2611914401388086,1e-04,0.0,1.75
218,2400.0,0.2611914401388086,1e-04,0.0,1.75
219,2407.62,0.2611914401388086,1e-04,0.0,1.0
220,2415.21,0.2611914401388086,1e-04,0.0,1.0
221,2422.78,0.2611914401388086,1e-04,0.0,0.8
222,2430.32,0.2611914401388086,1e-04,0.0,0.8
223,2437.83,0.2611914401388086,1e-04,0.0,0.8
224,2445.3,0.2611914401388086,1e-04,0.0,0.8
