method,k,silhouette,davies_bouldin,calinski_harabasz
PCA+KMeans,4,0.04694894328713417,3.670992812715556,221.94802856445312
PCA+KMeans,5,0.030486760661005974,3.530625777617824,195.8383331298828
PCA+KMeans,6,0.042463451623916626,3.2506243628489835,202.5449981689453
PCA+KMeans,7,0.04017329961061478,3.1080640024778217,194.12722778320312
PCA+KMeans,8,0.05506535992026329,2.907428844598101,202.18948364257812
PCA+KMeans,9,0.053059712052345276,2.8173049746386747,193.6034393310547
PCA+KMeans,10,0.05969513952732086,2.631321318488782,199.0540313720703
AE,4,0.306316077709198,1.0419073485177235,4601.447265625
AE,5,0.2851288914680481,1.0705083121466024,4209.99658203125
AE,6,0.2551843523979187,1.1516174463641136,3851.362060546875
AE,7,0.24841369688510895,1.2178240690726827,3601.1865234375
AE,8,0.24780121445655823,1.1760441324855777,3501.31494140625
AE,9,0.24750719964504242,1.095046208699537,3499.619140625
AE,10,0.23305773735046387,1.1688302456194997,3252.0830078125
MSAE,4,0.33572691679000854,0.9794454412782885,5018.2646484375
MSAE,5,0.2777593731880188,1.088062210715315,4545.3916015625
MSAE,6,0.2708745002746582,1.0749766998143053,4263.13623046875
MSAE,7,0.2743847966194153,1.0495629957475394,4079.283447265625
MSAE,8,0.28059208393096924,1.021759678914664,4061.798583984375
MSAE,9,0.2700640559196472,1.0532033023645473,3856.1669921875
MSAE,10,0.26952317357063293,1.052944944537511,3816.63818359375
AAMSAE,4,0.24487312138080597,1.2818632581018308,2717.6640625
AAMSAE,5,0.21780769526958466,1.3309366144546053,2437.590576171875
AAMSAE,6,0.2104189246892929,1.2894471141040154,2298.898193359375
AAMSAE,7,0.1790871024131775,1.463896735473312,2030.76416015625
AAMSAE,8,0.20814582705497742,1.3068426192040734,2042.920654296875
AAMSAE,9,0.19720792770385742,1.3928198635098583,1923.5328369140625
AAMSAE,10,0.18644385039806366,1.34496064746823,1837.6551513671875
