wavelength_nm,unit_0_mean_reflectance,unit_1_mean_reflectance,unit_2_mean_reflectance,unit_3_mean_reflectance
418.416,0.13066827,0.052349064,0.07926727,0.05738951
424.043,0.13428283,0.05258772,0.08094707,0.057925276
429.457,0.14081432,0.057059,0.08697952,0.0627293
434.686,0.14874442,0.05982714,0.09092282,0.065951675
439.757,0.15547907,0.06283813,0.0963087,0.06927562
444.699,0.15958495,0.06445748,0.09932743,0.07125693
449.539,0.16515389,0.06763607,0.10323119,0.07432789
454.306,0.16936538,0.070678495,0.10676278,0.07731385
459.031,0.17215897,0.07203344,0.108837515,0.07880083
463.73,0.17634618,0.07458073,0.11215914,0.08141103
468.411,0.17836136,0.07570359,0.113641016,0.08250745
473.08,0.18011265,0.076041885,0.11474364,0.08298804
477.744,0.18330272,0.07758183,0.11702318,0.08463211
482.411,0.18796471,0.080495924,0.12060507,0.08752666
487.087,0.19143707,0.08318293,0.12361191,0.09015472
491.78,0.19559267,0.08364496,0.1254794,0.09087816
496.497,0.20009306,0.08576633,0.1282746,0.092960395
501.243,0.20488308,0.088943705,0.1322313,0.096211426
506.02,0.20973776,0.09060593,0.13500634,0.097997375
510.828,0.21593459,0.093853794,0.1393999,0.10129497
515.672,0.22247459,0.09790507,0.14454567,0.10540989
520.55,0.22794451,0.09974122,0.14787002,0.10744513
525.467,0.23348032,0.102409706,0.15182397,0.11005123
530.424,0.24007861,0.10548883,0.1565201,0.113171756
535.422,0.24712583,0.10900116,0.16166697,0.11666901
540.463,0.25482416,0.11310225,0.16750567,0.120720975
545.551,0.26146308,0.11604259,0.17269848,0.123748966
550.687,0.2684154,0.11959374,0.1781941,0.12719819
555.873,0.2767359,0.12372551,0.18444099,0.13107635
561.112,0.28452945,0.1280964,0.19052047,0.1351082
566.405,0.29322103,0.1326692,0.19712485,0.13912585
571.756,0.30045965,0.13660969,0.20284043,0.14254068
577.166,0.30653387,0.14037016,0.2079184,0.14563379
582.636,0.314249,0.1452967,0.21440288,0.1498666
588.171,0.32171002,0.14830056,0.21917783,0.15247065
593.773,0.3269352,0.15181324,0.22387671,0.15537283
599.446,0.33137158,0.15466908,0.22771062,0.15762036
605.193,0.33509418,0.15698779,0.23086321,0.1593412
611.017,0.3385741,0.15856592,0.23327297,0.16050223
616.923,0.3405258,0.1598033,0.23508888,0.16139722
622.92,0.34459698,0.16200393,0.2382232,0.16312079
628.987,0.34619078,0.16229576,0.2391154,0.16317433
635.112,0.34630325,0.16409211,0.24056514,0.16441439
641.294,0.35038748,0.16649558,0.24379346,0.16640256
647.537,0.3547741,0.1683524,0.24666624,0.16798146
653.841,0.35617915,0.16864482,0.24722344,0.16786346
660.207,0.35771683,0.16972578,0.24866086,0.16842438
666.637,0.3592659,0.17189041,0.25093156,0.1700568
673.131,0.36058283,0.17322186,0.25260463,0.17093349
679.691,0.36049795,0.17457165,0.25396785,0.17173778
686.319,0.3675203,0.1757134,0.25762722,0.17261648
693.014,0.3702969,0.17654382,0.25918394,0.1732022
699.78,0.37332538,0.17979266,0.26283622,0.17575012
706.617,0.37153676,0.18044026,0.26315668,0.17583625
713.524,0.3741315,0.1831479,0.26680133,0.1780805
720.501,0.38171333,0.1832806,0.2697017,0.17834237
727.545,0.3883462,0.18583654,0.27368683,0.1804916
734.654,0.3853448,0.18633008,0.2732815,0.18020245
741.826,0.38402152,0.18713138,0.27377743,0.18028809
749.06,0.37985188,0.18736726,0.2734229,0.17998572
756.353,0.3901229,0.19051242,0.28182077,0.182875
763.703,0.36443898,0.1793804,0.2560127,0.17152981
771.108,0.38969317,0.18907204,0.27779344,0.18087374
778.567,0.3923207,0.19223033,0.28124127,0.18303783
786.078,0.39260703,0.19188525,0.28144088,0.18232544
793.639,0.39576325,0.19339237,0.28319734,0.18338908
801.248,0.39574137,0.19346458,0.28301045,0.18291721
808.905,0.3996879,0.19480926,0.28551576,0.18353978
816.608,0.40213582,0.19628058,0.2830697,0.18447441
824.355,0.40359333,0.19714545,0.28383437,0.18482876
832.145,0.3971188,0.19544157,0.2804411,0.18231332
839.976,0.39750093,0.1941729,0.28047475,0.18055391
847.847,0.3949406,0.19420852,0.27969733,0.17982349
855.757,0.39311752,0.19395731,0.2788782,0.17906772
863.703,0.39361933,0.19406874,0.27935165,0.17860599
871.683,0.38999292,0.19429111,0.27915215,0.17827299
879.692,0.3921555,0.19431904,0.2798305,0.17798273
887.729,0.3899575,0.19393419,0.27735004,0.17754556
895.789,0.39257538,0.19729912,0.2793811,0.1804609
901.962,0.39886805,0.20640533,0.29091358,0.18671617
903.87,0.38965622,0.19840094,0.28010803,0.18070222
911.572,0.39495707,0.20528895,0.28865996,0.18552628
911.968,0.38474458,0.19484465,0.27803355,0.17734613
920.08,0.36799842,0.19099341,0.27038506,0.17315768
921.32,0.4010124,0.20877607,0.29352915,0.18827504
928.204,0.39610088,0.20169723,0.28737116,0.18257283
931.204,0.37252784,0.19685759,0.27415404,0.17868176
936.335,0.40896934,0.20182902,0.2934558,0.1817083
941.218,0.4166399,0.21860054,0.30481008,0.19730759
944.47,0.41137367,0.20497392,0.29688922,0.18480732
951.361,0.40579292,0.21345678,0.29753208,0.19222952
952.608,0.3920271,0.19476146,0.282582,0.17502496
960.748,0.3773188,0.18941686,0.27207246,0.16959278
961.629,0.4038947,0.21210188,0.29656985,0.19018808
968.891,0.3846183,0.1951879,0.27583688,0.17520477
972.017,0.4062355,0.21393433,0.29956332,0.1913657
977.037,0.3856393,0.19603564,0.2771704,0.17569655
982.524,0.4070766,0.2144139,0.30055168,0.19123706
985.186,0.38528436,0.19653687,0.27770972,0.17564163
993.145,0.40579852,0.21423918,0.30042094,0.19067311
993.338,0.3844195,0.19704331,0.27805924,0.17541434
1003.88,0.40559503,0.2145816,0.30078682,0.19068237
1014.72,0.4063281,0.21515244,0.30169013,0.19085734
1025.66,0.40703145,0.21597591,0.3026901,0.19133615
1036.7,0.4077739,0.216769,0.30369285,0.19179972
1047.84,0.407636,0.2171055,0.30405408,0.19193283
1059.07,0.40910074,0.21820459,0.30550963,0.19277044
1070.39,0.4115046,0.21999621,0.30773893,0.19428352
1081.79,0.41195863,0.22086088,0.30860156,0.19509639
1093.26,0.41415885,0.22301534,0.31096438,0.19716929
1104.81,0.4148942,0.22491042,0.312399,0.1993624
1116.43,0.39713725,0.21844682,0.3005423,0.19499724
1128.11,0.4442352,0.24278386,0.3332841,0.21630967
1139.84,0.43764633,0.23960234,0.32968834,0.21322864
1151.62,0.42552692,0.2326057,0.32021418,0.20660794
1163.44,0.42567247,0.23258276,0.3217149,0.20617539
1175.31,0.4264739,0.23386535,0.32348692,0.2074376
1187.2,0.43356508,0.23822923,0.32928145,0.21143155
1199.11,0.4330207,0.23865336,0.32955965,0.21208715
1211.05,0.4337145,0.2393722,0.33031237,0.21287028
1223.0,0.43562758,0.24089445,0.3321906,0.2144671
1234.97,0.43702206,0.2421272,0.33368397,0.21586943
1246.95,0.43800268,0.2432449,0.33484894,0.21720654
1258.93,0.43888506,0.24501611,0.336417,0.21933235
1270.92,0.4481422,0.250721,0.34341806,0.22461763
1282.92,0.4465517,0.24964277,0.34206367,0.22384216
1294.91,0.4457338,0.25003558,0.34172836,0.2246907
1306.9,0.44831654,0.25193146,0.34349525,0.22688864
1318.88,0.45571753,0.25823575,0.35008895,0.23332015
1330.86,0.4590441,0.26280448,0.3535892,0.23853889
1449.43,0.48765054,0.28689122,0.37244418,0.25910437
1461.11,0.4935259,0.28539616,0.3777508,0.25822726
1472.74,0.48323295,0.27706802,0.36759755,0.25027442
1484.34,0.4792733,0.27334982,0.36382794,0.24613017
1495.89,0.47783902,0.27157903,0.36352703,0.24386314
1507.4,0.47899574,0.2724997,0.3649197,0.2441178
1518.87,0.48271942,0.27426213,0.36770177,0.24517846
1530.29,0.48271334,0.27387187,0.36763144,0.24431777
1541.68,0.48383188,0.27424073,0.36835843,0.24420755
1553.01,0.48615918,0.2755459,0.3700698,0.24503237
1564.31,0.48600268,0.2759284,0.3702581,0.24521838
1575.55,0.4902073,0.2782508,0.3731153,0.24704538
1586.76,0.49182042,0.27964097,0.37450176,0.2482527
1597.91,0.491107,0.27995944,0.3743972,0.24857022
1609.02,0.4961631,0.28282392,0.37803563,0.25094578
1620.09,0.4963853,0.28331363,0.378292,0.2512943
1631.11,0.49563622,0.28351495,0.37802428,0.25141674
1642.08,0.4963219,0.28426015,0.37862846,0.25191593
1653.0,0.5002813,0.28684393,0.38168603,0.25402877
1663.87,0.49933344,0.28684148,0.38118866,0.25390244
1674.7,0.50187194,0.2887323,0.383275,0.2553625
1685.47,0.5022601,0.28928524,0.3835611,0.25553542
1696.2,0.50322795,0.29040653,0.3845068,0.2563459
1706.87,0.50459284,0.29165107,0.38569918,0.2572372
1717.5,0.5055822,0.29266262,0.38655505,0.2579017
1728.08,0.5050015,0.29281482,0.38613608,0.25768036
1738.6,0.505926,0.29375985,0.38689134,0.2582973
1749.08,0.5094525,0.29631555,0.38965437,0.26015273
1759.51,0.5049506,0.2945811,0.3866672,0.2585325
1769.89,0.5034967,0.29507327,0.38591585,0.25902066
1780.22,0.49575225,0.2922874,0.38037857,0.25653204
1967.66,0.4562354,0.26676273,0.34508714,0.22477596
1977.08,0.47320738,0.27720636,0.3596349,0.23226707
1986.45,0.48404828,0.28386763,0.3690217,0.23677276
1995.79,0.4369126,0.25880206,0.3363222,0.2154775
2005.08,0.38766867,0.22680554,0.29538843,0.18791874
2014.33,0.41879994,0.24475186,0.3185419,0.20234144
2023.54,0.4771559,0.27777824,0.3626685,0.22948675
2032.71,0.49382055,0.29033282,0.37816775,0.24000168
2041.83,0.49801308,0.29427466,0.38269514,0.24355689
2050.92,0.47227782,0.2800388,0.36401778,0.23199773
2059.96,0.48765537,0.2880574,0.37445375,0.23820664
2068.97,0.49060318,0.2902014,0.37674466,0.23970325
2077.93,0.50539684,0.29950887,0.38857403,0.24673904
2086.86,0.49911913,0.29662162,0.38455448,0.24386077
2095.74,0.4969396,0.29578623,0.38319808,0.24275191
2104.59,0.49960795,0.29747415,0.38538808,0.24344611
2113.4,0.49716562,0.29604468,0.38364062,0.24178694
2122.17,0.49151158,0.2920797,0.37902436,0.23794222
2130.9,0.49251792,0.29275787,0.37977296,0.23813027
2139.6,0.48925194,0.2914802,0.37769428,0.23737168
2148.26,0.4784779,0.28605986,0.36983484,0.23373877
2156.88,0.47003764,0.28204662,0.36373293,0.23121761
2165.47,0.46088228,0.27779326,0.35740602,0.22812344
2174.02,0.4536629,0.27494386,0.35309467,0.22574651
2182.53,0.44029844,0.2686443,0.34419262,0.22065398
2191.01,0.43123007,0.26479617,0.33846405,0.21750651
2199.46,0.41671997,0.25543296,0.3265542,0.20968165
2207.86,0.42081085,0.2550142,0.32705826,0.20893356
2216.24,0.43389297,0.258953,0.33495986,0.20909709
2224.58,0.44454584,0.26229092,0.34164461,0.20920396
2232.89,0.44541943,0.26053822,0.34107748,0.20580757
2241.16,0.44087836,0.2550633,0.33634436,0.19882746
2249.4,0.43809673,0.25038543,0.33292857,0.1924407
2257.61,0.43895513,0.24998525,0.33323637,0.1911907
2265.79,0.43826815,0.25057453,0.33292726,0.1917089
2273.93,0.4364523,0.25051442,0.33195442,0.19189082
2282.04,0.43073624,0.24785581,0.3279883,0.18958029
2290.12,0.4176736,0.24066846,0.31848878,0.18316287
2298.17,0.40982914,0.23576684,0.31277135,0.1787579
2306.19,0.4096062,0.23492879,0.31231102,0.17699786
2314.18,0.39457318,0.22731258,0.3020761,0.170117
2322.13,0.39658746,0.22760163,0.3028876,0.17033823
2330.05,0.39173937,0.22475559,0.29985923,0.1683525
2337.94,0.38247782,0.21956792,0.2930083,0.16480274
2345.81,0.3790265,0.2172648,0.28993312,0.16336803
2353.64,0.38769808,0.22191182,0.2951537,0.16743673
2361.44,0.3932843,0.22614318,0.30010295,0.17125401
2369.21,0.3855176,0.22411789,0.29508924,0.17110047
2376.95,0.38797665,0.22732127,0.2973094,0.17466946
2384.66,0.38307205,0.22633159,0.29423326,0.1747867
2392.34,0.3861125,0.22788458,0.29641014,0.17618121
2400.0,0.3847086,0.22753283,0.29585457,0.17655347
2407.62,0.37964454,0.22589219,0.29222336,0.17643844
2415.21,0.36872676,0.22105992,0.28411347,0.17321509
2422.78,0.38384974,0.22856902,0.29448316,0.17904718
2430.32,0.37403446,0.22453526,0.28924006,0.17557448
2437.83,0.38838723,0.23119497,0.2971989,0.18090792
2445.3,0.35515404,0.21546662,0.27535033,0.16843653
