rank,row,col,anomaly_score,cluster_raw,cluster_consensus,utm_x,utm_y,longitude,latitude,reconstruction_error,latent_rx_score
1,194,610,13.732007026672363,0,0,655245.0,2747085.0,34.536237016954686,24.830783537773808,0.09023217856884003,337.640625
2,398,1054,13.394913673400879,2,2,668565.0,2740965.0,34.66726452263509,24.77412293726362,0.11350692808628082,232.76025390625
3,320,1040,13.040974617004395,0,2,668145.0,2743305.0,34.66339337868305,24.795293547445446,0.08821208775043488,205.36328125
4,489,1099,12.97339916229248,2,2,669915.0,2738235.0,34.68028111825222,24.749328675561383,0.08366904407739639,204.4833984375
5,259,605,12.730098724365234,3,3,655095.0,2745135.0,34.53453615370734,24.813194077375616,0.2314598709344864,164.96875
6,254,616,12.711750030517578,3,3,655425.0,2745285.0,34.53781702124972,24.814514755278125,0.4185756742954254,239.2904052734375
7,263,614,12.676671028137207,3,3,655365.0,2745015.0,34.537193456082726,24.812083282871964,0.27557995915412903,177.6417236328125
8,550,365,12.615275382995605,2,2,647895.0,2736405.0,34.46239304651618,24.735089907550034,0.07285992801189423,259.8828125
9,787,421,12.535568237304688,0,0,649575.0,2729295.0,34.478242638173,24.670734825405393,0.16154544055461884,241.025634765625
10,391,1049,12.470562934875488,0,0,668415.0,2741175.0,34.6658066820873,24.77603522799098,0.08056946098804474,224.95703125
11,478,350,12.117718696594238,2,2,647445.0,2738565.0,34.45817207521853,24.754634721136426,0.08620890229940414,115.61974334716797
12,459,1079,12.067486763000488,2,2,669315.0,2739135.0,34.67445864761396,24.757519843466174,0.15306420624256134,129.25146484375
13,71,297,12.043675422668457,0,0,645855.0,2750775.0,34.44372824934701,24.865024221975666,0.10557994246482849,137.671875
14,936,934,12.041064262390137,0,0,664965.0,2724825.0,34.629771108854236,24.62880676865568,0.07085002958774567,201.244140625
15,451,379,12.03076457977295,2,2,648315.0,2739375.0,34.466859699409774,24.761863763717997,0.08868471533060074,155.3359375
16,111,198,11.97896671295166,3,3,642885.0,2749575.0,34.4142139370996,24.85447129794255,0.11122817546129227,117.060546875
17,175,1014,11.943439483642578,2,1,667365.0,2747655.0,34.65620171734673,24.83464884857534,0.07740422338247299,157.375
18,545,392,11.864785194396973,0,2,648705.0,2736555.0,34.47041622462681,24.736365839401905,0.05968603491783142,290.44921875
19,215,479,11.8331298828125,0,0,651315.0,2746455.0,34.497289630458944,24.825490307423408,0.09463829547166824,152.4736328125
20,245,1010,11.674049377441406,0,2,667245.0,2745555.0,34.65476264365465,24.815704207793615,0.08014168590307236,148.3505859375
21,424,680,11.54648494720459,2,2,657345.0,2740185.0,34.556233854254145,24.76827546414483,0.0713127851486206,133.50692749023438
22,486,346,11.52922534942627,2,2,647325.0,2738325.0,34.45696035434513,24.752479434890873,0.06577327847480774,203.0263671875
23,439,658,11.49321460723877,2,2,656685.0,2739735.0,34.54965752507204,24.764280516730494,0.07023929804563522,174.9189453125
24,123,472,11.44789981842041,0,0,651105.0,2749215.0,34.495511624686046,24.85042892841214,0.059750281274318695,252.4375
25,395,653,11.390196800231934,1,1,656535.0,2741055.0,34.54832221816467,24.776212892264933,0.0752076655626297,203.6259765625
26,163,199,11.37530517578125,0,2,642915.0,2748015.0,34.41435064091872,24.840384007198345,0.08300375193357468,215.6484375
27,139,473,11.311575889587402,0,0,651135.0,2748735.0,34.4957563469535,24.8460924278484,0.05763255059719086,264.39453125
28,356,701,11.286530494689941,2,2,657975.0,2742225.0,34.56269372248448,24.78662769242906,0.061877280473709106,211.943359375
29,470,732,11.222610473632812,1,1,658905.0,2738805.0,34.57150182561147,24.755655772970226,0.08211176097393036,161.521484375
30,274,606,11.210597038269043,3,3,655125.0,2744685.0,34.53478284955871,24.809128402474673,0.10040147602558136,104.30029296875
31,84,196,11.155959129333496,3,3,642825.0,2750385.0,34.41370337673736,24.861790005177614,0.08262137323617935,123.392578125
32,894,432,11.141342163085938,0,0,649905.0,2726085.0,34.4811610425369,24.64172129164698,0.07345744967460632,136.875
33,1038,927,10.98426342010498,0,0,664755.0,2721765.0,34.62733944787828,24.601203869827337,0.0741347074508667,117.806640625
34,1067,827,10.941033363342285,0,0,661755.0,2720895.0,34.59761685682979,24.59366687650418,0.07198262214660645,223.9375
35,328,1011,10.905925750732422,2,2,667275.0,2743065.0,34.654760883396584,24.793222337315814,0.07252414524555206,115.41845703125
36,450,257,10.904396057128906,3,3,644655.0,2739405.0,34.43067379139901,24.762484665390108,0.06604994833469391,153.2197265625
37,109,190,10.871639251708984,3,3,642645.0,2749635.0,34.41184523976746,24.8550354744456,0.07811601459980011,105.7431640625
38,404,644,10.79976749420166,2,2,656265.0,2740785.0,34.545622164810496,24.7738029031965,0.04784552752971649,225.35546875
39,904,427,10.784228324890137,0,0,649755.0,2725785.0,34.47964741729486,24.639027334264313,0.06171288713812828,247.0
40,289,616,10.73175048828125,3,3,655425.0,2744235.0,34.53770003162518,24.805035297384123,0.08149896562099457,104.15380859375
41,373,638,10.662070274353027,2,2,656085.0,2741715.0,34.54394616933094,24.782217369355227,0.06509436666965485,124.068115234375
42,946,927,10.660651206970215,0,0,664755.0,2724525.0,34.627661987838714,24.626120869714025,0.053553368896245956,187.2421875
43,150,200,10.657402038574219,2,2,642945.0,2748405.0,34.41468749807933,24.843902319651555,0.052994005382061005,135.6875
44,909,447,10.640996932983398,0,0,650355.0,2725635.0,34.48555810833097,24.637614610167905,0.07368683815002441,201.48828125
45,538,477,10.615591049194336,0,0,651255.0,2736765.0,34.4956469700861,24.738012380202928,0.060134295374155045,231.5234375
46,856,1041,10.558247566223145,0,0,668175.0,2727225.0,34.66176060328789,24.650126322143123,0.08387070149183273,125.0703125
47,226,471,10.555255889892578,0,0,651075.0,2746125.0,34.49487965647626,24.822534755950333,0.07002333551645279,159.486328125
48,443,729,10.532198905944824,2,2,658815.0,2739615.0,34.570703994287044,24.76297776426881,0.06058931723237038,117.45965576171875
49,96,212,10.508912086486816,3,3,643305.0,2750025.0,34.41841626008334,24.858494711085605,0.06831999868154526,123.572265625
50,774,394,10.491368293762207,0,2,648765.0,2729685.0,34.470280809153834,24.67433450032792,0.060550641268491745,112.666015625
51,809,258,10.435664176940918,0,0,644685.0,2728635.0,34.42985909100472,24.665243692355773,0.04810583218932152,195.78125
52,543,358,10.434135437011719,2,2,647685.0,2736615.0,34.46033923205966,24.73700612361535,0.04795759916305542,183.75146484375
53,780,374,10.425437927246094,0,0,648165.0,2729505.0,34.464333408732095,24.672767292970832,0.06668497622013092,134.572998046875
54,419,662,10.421343803405762,2,2,656805.0,2740335.0,34.55091130536592,24.769685065486215,0.058784227818250656,171.3701171875
55,456,755,10.394669532775879,1,1,659595.0,2739225.0,34.57837151116916,24.759375789728978,0.06212109699845314,167.953125
56,217,489,10.371106147766113,0,0,651615.0,2746395.0,34.500250858319546,24.824918862409714,0.07070339471101761,162.46484375
57,469,351,10.368226051330566,2,2,647475.0,2738835.0,34.45849714973403,24.757069514848855,0.05371599644422531,126.75888061523438
58,317,1157,10.363432884216309,0,2,671655.0,2743395.0,34.69811563649478,24.795716085363072,0.058004848659038544,183.5234375
59,94,287,10.356689453125,0,2,645555.0,2750085.0,34.440687274635394,24.858823305820916,0.07788898795843124,99.884521484375
60,776,331,10.350979804992676,0,0,646875.0,2729625.0,34.45159994809275,24.67397446366343,0.06565478444099426,122.5390625
61,348,427,10.348506927490234,3,3,649755.0,2742465.0,34.48142893094304,24.789621191617712,0.08900729566812515,103.783203125
62,925,504,10.330961227416992,2,2,652065.0,2725155.0,34.50239711172977,24.63311311250704,0.05783730372786522,124.607177734375
63,482,265,10.188182830810547,3,3,644895.0,2738445.0,34.432947426242485,24.753794573513137,0.054894790053367615,110.240234375
64,291,361,10.165718078613281,1,1,647775.0,2744175.0,34.462028160047126,24.805252286987738,0.06726281344890594,160.439453125
65,441,737,10.101122856140137,2,1,659055.0,2739675.0,34.573083750825376,24.763494536892193,0.045062106102705,199.541015625
66,1130,936,10.097182273864746,2,0,665025.0,2719005.0,34.6296828467983,24.57625796380911,0.057765085250139236,108.5498046875
67,569,384,10.070425987243652,2,2,648465.0,2735835.0,34.467967368686786,24.729888620064184,0.040898241102695465,205.92529296875
68,929,921,10.055937767028809,0,0,664575.0,2725035.0,34.625943861041975,24.630744323470452,0.04863554239273071,149.474609375
69,902,441,10.052626609802246,0,0,650175.0,2725845.0,34.48380251667405,24.63952815139371,0.05495130270719528,141.89453125
70,262,697,10.050649642944336,0,0,657855.0,2745045.0,34.56182595820722,24.812098940556808,0.07113227993249893,146.78125
71,835,231,10.037999153137207,3,1,643875.0,2727855.0,34.42177634304548,24.658277266668055,0.06527198106050491,147.12890625
72,255,548,10.025039672851562,0,0,653385.0,2745255.0,34.51763502009211,24.814450057707308,0.06816631555557251,166.3779296875
73,186,813,10.020947456359863,0,0,661335.0,2747325.0,34.59651072728015,24.83231886145609,0.050612058490514755,190.08203125
74,103,729,9.97408390045166,0,0,658815.0,2749815.0,34.57186519621218,24.855062466869118,0.041394978761672974,150.44921875
75,150,766,9.97266960144043,2,2,659925.0,2748405.0,34.58268610271081,24.842217262026438,0.04860919341444969,119.8251953125
76,610,925,9.931553840637207,2,2,664695.0,2734605.0,34.62825065194369,24.7171277907915,0.04990837723016739,138.2822265625
77,473,369,9.9284029006958,2,2,648015.0,2738715.0,34.463823572529705,24.755934025541908,0.03947952017188072,186.66552734375
78,758,268,9.901337623596191,0,0,644985.0,2730165.0,34.43298098225494,24.679029285051875,0.04347781091928482,158.83203125
79,89,749,9.872052192687988,0,0,659415.0,2750235.0,34.577850021141536,24.85879155835225,0.06873441487550735,136.453125
80,138,564,9.860288619995117,2,2,653865.0,2748765.0,34.522770542131255,24.846090410167797,0.09190184623003006,71.4180908203125
81,1103,780,9.8545503616333,0,0,660345.0,2719815.0,34.58357213691395,24.58406362137686,0.051417939364910126,162.26953125
82,1090,959,9.814180374145508,0,0,665715.0,2720205.0,34.63663548168308,24.5870175746021,0.051086973398923874,188.166015625
83,469,740,9.76745891571045,1,1,659145.0,2738835.0,34.57387803068158,24.755901701218793,0.06576529145240784,138.197265625
84,1099,840,9.742929458618164,0,0,662145.0,2719935.0,34.6013573507869,24.584959034958572,0.05201113596558571,163.123046875
85,953,574,9.706488609313965,0,0,654165.0,2724315.0,34.523047387747276,24.62532061591013,0.04640163853764534,213.69921875
86,589,649,9.607815742492676,0,0,656415.0,2735235.0,34.54648512476167,24.723681683559924,0.04068028926849365,232.3046875
87,531,595,9.60329818725586,0,0,654795.0,2736975.0,34.53066487094942,24.739555008945313,0.051830362528562546,112.6484375
88,627,178,9.592308044433594,0,0,642285.0,2734095.0,34.40669994743636,24.714764422806603,0.04891614988446236,208.4765625
89,1096,808,9.583976745605469,0,0,661185.0,2720025.0,34.59188946764918,24.585872070222955,0.05118241906166077,176.533203125
90,340,637,9.52595043182373,1,1,656055.0,2742705.0,34.54376011697977,24.791158206149255,0.056877780705690384,129.0478515625
91,237,724,9.522493362426758,0,2,658665.0,2745795.0,34.569923111670334,24.81878598814558,0.03796243295073509,169.455078125
92,859,408,9.48425006866455,3,3,649185.0,2727135.0,34.474160129078555,24.651271147087787,0.06111732870340347,149.58203125
93,118,188,9.474761009216309,3,3,642585.0,2749365.0,34.41122386064576,24.85260338538311,0.05504557490348816,107.09765625
94,257,690,9.452146530151367,0,0,657645.0,2745195.0,34.55976576736511,24.81347481217793,0.06200103834271431,138.953125
95,790,267,9.428441047668457,0,0,644955.0,2729205.0,34.43258550974791,24.67036461060722,0.03770248591899872,196.0390625
96,212,693,9.412627220153809,0,0,657735.0,2746545.0,34.56080871258633,24.82565325027664,0.04921327158808708,232.6171875
97,736,685,9.410785675048828,0,0,657495.0,2730825.0,34.55666500290023,24.683757280371783,0.046095915138721466,129.875
98,1121,948,9.409378051757812,0,0,665385.0,2719275.0,34.6332684586161,24.57865700154847,0.06348269432783127,106.96875
99,460,747,9.352743148803711,3,1,659355.0,2739105.0,34.57598498204943,24.758317420925824,0.05057967081665993,164.4296875
100,250,1136,9.346845626831055,0,2,671025.0,2745405.0,34.69213178992417,24.813931685930847,0.041561055928468704,155.765625
