relative_path,size_bytes
00_scene_summary.csv,324
01_wavelengths_qc.csv,9882
02_k_selection_metrics.csv,1852
03_ablation_baseline_metrics.csv,471
04_spatial_coherence.csv,104
05_cluster_mean_spectra.csv,11275
06_top_anomaly_candidates.csv,12425
ENMAP_PAPER_RESULTS_TABLES.xlsx,48552
GEOTIFF_STATUS.txt,23
README_PAPER_NOTES_PRO.txt,1729
anomaly_score.npy,5564168
centroid_distance.npy,5564168
cluster_map_consensus.npy,2782148
cluster_map_raw.npy,2782148
fig_01_training_loss.png,84229
fig_02_rgb_proxy.png,5475472
fig_03_cluster_map_consensus.png,261671
fig_03_cluster_map_raw.png,335766
fig_04_anomaly_map.png,4377634
fig_05_cluster_mean_spectra.png,288835
fig_06_latent_space.png,947226
geospatial/anomaly_binary_P99.tif,24023
geospatial/anomaly_score.tif,3928523
geospatial/spectral_units_consensus.tif,141971
geospatial/spectral_units_raw.tif,188846
latent_rx_score.npy,5564168
paper_ready_figures/fig_07_k_selection_metrics.pdf,25761
paper_ready_figures/fig_07_k_selection_metrics.png,397990
paper_ready_figures/fig_08_ablation_comparison.pdf,19138
paper_ready_figures/fig_08_ablation_comparison.png,268236
paper_ready_figures/fig_09_reconstruction_clusterability_tradeoff.pdf,14195
paper_ready_figures/fig_09_reconstruction_clusterability_tradeoff.png,107309
paper_ready_figures/fig_10_unit_area_and_anomaly_statistics.pdf,14926
paper_ready_figures/fig_10_unit_area_and_anomaly_statistics.png,136810
paper_ready_figures/fig_11_unit_spectra_uncertainty.pdf,36305
paper_ready_figures/fig_11_unit_spectra_uncertainty.png,623275
paper_ready_figures/fig_12_unit_derivative_spectra.pdf,21277
paper_ready_figures/fig_12_unit_derivative_spectra.png,205361
paper_ready_figures/fig_13_band_qc_and_weights.pdf,16740
paper_ready_figures/fig_13_band_qc_and_weights.png,180173
paper_ready_figures/fig_14_anomaly_distribution_and_thresholds.pdf,19186
paper_ready_figures/fig_14_anomaly_distribution_and_thresholds.png,204515
paper_ready_figures/fig_15_rgb_anomaly_overlay.pdf,234023
paper_ready_figures/fig_15_rgb_anomaly_overlay.png,1503982
paper_ready_figures/fig_16_top20_anomaly_candidates.pdf,980154
paper_ready_figures/fig_16_top20_anomaly_candidates.png,9242320
paper_ready_figures/fig_17_top_anomaly_rgb_zooms.pdf,359171
paper_ready_figures/fig_17_top_anomaly_rgb_zooms.png,592823
paper_ready_figures/fig_18_top_anomaly_spectra.pdf,48543
paper_ready_figures/fig_18_top_anomaly_spectra.png,777146
paper_ready_figures/fig_19_anomaly_component_relationships.pdf,785937
paper_ready_figures/fig_19_anomaly_component_relationships.png,1216258
paper_ready_figures/fig_20_seed_robustness.pdf,19380
paper_ready_figures/fig_20_seed_robustness.png,157820
paper_ready_figures/fig_21_spatial_consensus_diagnostic.pdf,164587
paper_ready_figures/fig_21_spatial_consensus_diagnostic.png,2168194
paper_ready_figures/fig_22_method_workflow.pdf,16661
paper_ready_figures/fig_22_method_workflow.png,159835
paper_ready_figures/fig_23_paper_summary_panel.pdf,905564
paper_ready_figures/fig_23_paper_summary_panel.png,9571145
reconstruction_error.npy,5564168
run_config_PRO.json,476
tables/07_method_ranking.csv,678
tables/08_cluster_spatial_statistics.csv,586
tables/09_anomaly_threshold_sensitivity.csv,403
tables/10_seed_ARI_matrix.csv,1039
tables/10_seed_robustness_runs.csv,630
tables/10_seed_robustness_summary.csv,385
tables/11_bootstrap_95CI.csv,309
tables/11_bootstrap_metrics.csv,1835
tables/12_candidate_absorption_features.csv,2372
tables/13_anomaly_component_correlations.csv,589
tables/13_anomaly_component_summary.csv,904
tables/SCIENTIFIC_DECISION.txt,510
