dataset,family,method,score_train_seconds,score_inference_seconds,parameter_count,roc_auc,pr_auc,f1_p99,precision_p99,recall_p99,oracle_f1,oracle_threshold,fpr_at_95_tpr,anomaly_prevalence
abu-airport-1,ABU,RX,0.0,1.0044455969999717,0,0.8493247204184704,0.07165790256939039,0.0653061224489796,0.07920792079207921,0.05555555555555555,0.1652892561980649,60.211647033691406,0.5498173701298701,0.0144
abu-airport-1,ABU,PCA-RX,0.0,0.03577274900010252,0,0.8397091732052671,0.06071410101021199,0.01639344262295082,0.02,0.013888888888888888,0.15249266862136773,42.49941635131836,0.5228287337662337,0.0144
abu-airport-1,ABU,AE-Reconstruction,4.028830266999989,0.061320756999975856,171461,0.8349947578463204,0.050612548858648757,0.00819672131147541,0.01,0.006944444444444444,0.11943539630809667,0.0702681839466095,0.4979707792207792,0.0144
abu-airport-1,ABU,MSAE-Reconstruction,3.7437947630000963,0.0601758239999981,171461,0.7566161052489178,0.03290242465128353,0.0,0.0,0.0,0.08108108108082651,0.12856698036193848,0.5959821428571429,0.0144
abu-airport-1,ABU,MSAE-LatentRX,3.7437947630000963,0.0601758239999981,171461,0.7821705475514069,0.04046452373805738,0.0,0.0,0.0,0.10261026102587699,13.03511905670166,0.5268871753246753,0.0144
abu-airport-1,ABU,MSAE-Fusion,3.7437947630000963,0.0601758239999981,171461,0.8674760298295455,0.06183519742284313,0.01639344262295082,0.02,0.013888888888888888,0.1492265696085075,0.8122412241224122,0.41832386363636365,0.0144
abu-airport-1,ABU,DMSAE-Reconstruction,3.7985356069999625,0.06028983999999582,171461,0.7584536773989898,0.03336347102615771,0.0,0.0,0.0,0.08189655172387574,0.13321873545646667,0.6096793831168831,0.0144
abu-airport-1,ABU,DMSAE-LatentRX,3.7985356069999625,0.06028983999999582,171461,0.7810727954770924,0.0400831471150608,0.0,0.0,0.0,0.10143702451373376,12.373287200927734,0.5666599025974026,0.0144
abu-airport-1,ABU,Proposed-SSMSAE,3.7985356069999625,0.06028983999999582,171461,0.8680256104572512,0.06263236589860768,0.02459016393442623,0.03,0.020833333333333332,0.15199258572729424,0.8164866486648664,0.4179180194805195,0.0144
abu-airport-2,ABU,RX,0.0,0.828299635999997,0,0.9248676125974136,0.13924348016006513,0.16042780748663102,0.15,0.1724137931034483,0.26111111111074464,70.46941375732422,0.3176636739634823,0.0087
abu-airport-2,ABU,PCA-RX,0.0,0.034754565000071125,0,0.9356545625099283,0.13107336940611108,0.1497326203208556,0.14,0.16091954022988506,0.2775510204077053,64.69001770019531,0.28064158176132353,0.0087
abu-airport-2,ABU,AE-Reconstruction,4.078461134999998,0.06251778900002591,171461,0.8423241975300053,0.04651698314597276,0.0855614973262032,0.08,0.09195402298850575,0.10239999999976036,0.07035229355096817,0.4815898315343488,0.0087
abu-airport-2,ABU,MSAE-Reconstruction,3.802702046000036,0.06077107099997647,171461,0.9503931328999073,0.2269269998645782,0.31016042780748665,0.29,0.3333333333333333,0.33716475095741,0.1990024298429489,0.21335619893069707,0.0087
abu-airport-2,ABU,MSAE-LatentRX,3.802702046000036,0.06077107099997647,171461,0.915356127040888,0.08180207951423504,0.12834224598930483,0.12,0.13793103448275862,0.1678321678318445,23.8509521484375,0.3615454453747604,0.0087
abu-airport-2,ABU,MSAE-Fusion,3.802702046000036,0.06077107099997647,171461,0.947069388739505,0.1664084766027907,0.1497326203208556,0.14,0.16091954022988506,0.1953124999995513,0.958940894089409,0.1428427317663674,0.0087
abu-airport-2,ABU,DMSAE-Reconstruction,4.024198238000054,0.06080780499996763,171461,0.9448344273338968,0.2495246407701806,0.3422459893048128,0.32,0.367816091954023,0.36024844720447224,0.29479941725730896,0.27600121053162513,0.0087
abu-airport-2,ABU,DMSAE-LatentRX,4.024198238000054,0.06080780499996763,171461,0.9047767299644841,0.08069091328391631,0.12834224598930483,0.12,0.13793103448275862,0.16152019002342508,24.4163818359375,0.49833551901543427,0.0087
abu-airport-2,ABU,Proposed-SSMSAE,4.024198238000054,0.06080780499996763,171461,0.9428771693039791,0.17797063014444428,0.1711229946524064,0.16,0.1839080459770115,0.20634920634877896,0.9855535553555356,0.16039544033087866,0.0087
abu-airport-3,ABU,RX,0.0,0.9947567020000179,0,0.918610795284543,0.22800368278842054,0.1925925925925926,0.26,0.15294117647058825,0.30599369085134254,82.10127258300781,0.3120040691759919,0.017
abu-airport-3,ABU,PCA-RX,0.0,0.03319995200001813,0,0.9249706779965292,0.23564770933258794,0.1918819188191882,0.25742574257425743,0.15294117647058825,0.32876712328722724,54.093780517578125,0.345676500508647,0.017
abu-airport-3,ABU,AE-Reconstruction,3.9730425249999826,0.0597951039999316,171461,0.920904494045838,0.1649176096172622,0.17037037037037037,0.23,0.13529411764705881,0.2745098039210825,0.3326864540576935,0.3496439471007121,0.017
abu-airport-3,ABU,MSAE-Reconstruction,3.6991689489999544,0.06040589400004137,171461,0.8391792831069356,0.11339852166285044,0.14814814814814814,0.2,0.11764705882352941,0.1942857142852147,0.45832571387290955,0.3632756866734486,0.017
abu-airport-3,ABU,MSAE-LatentRX,3.6991689489999544,0.06040589400004137,171461,0.8315854826162409,0.13714078200492574,0.14814814814814814,0.2,0.11764705882352941,0.17789757412349272,30.353271484375,0.5736520854526959,0.017
abu-airport-3,ABU,MSAE-Fusion,3.6991689489999544,0.06040589400004137,171461,0.8834040452396625,0.18093357186791806,0.1925925925925926,0.26,0.15294117647058825,0.23844282238394313,0.929092909290929,0.433265513733469,0.017
abu-airport-3,ABU,DMSAE-Reconstruction,3.96189769099999,0.0581632380000201,171461,0.8413533002214111,0.11430341425359976,0.14814814814814814,0.2,0.11764705882352941,0.19209039547972678,0.43279531598091125,0.36307222787385557,0.017
abu-airport-3,ABU,DMSAE-LatentRX,3.96189769099999,0.0581632380000201,171461,0.8601047214409671,0.1495355296972005,0.15555555555555556,0.21,0.12352941176470589,0.19681620839326142,16.035125732421875,0.5273652085452696,0.017
abu-airport-3,ABU,Proposed-SSMSAE,3.96189769099999,0.0581632380000201,171461,0.8961507390341691,0.18985034886007532,0.1925925925925926,0.26,0.15294117647058825,0.239651416121538,0.9204470447044705,0.4251271617497457,0.017
abu-airport-4,ABU,RX,0.0,0.8634494359999962,0,0.9843980549966465,0.28276373835128293,0.35,0.28,0.4666666666666667,0.3875968992243086,130.59841918945312,0.05533199195171026,0.006
abu-airport-4,ABU,PCA-RX,0.0,0.030070336999983738,0,0.9788044936284374,0.2472704626014435,0.275,0.22,0.36666666666666664,0.38532110091693633,94.25309753417969,0.07766599597585513,0.006
abu-airport-4,ABU,AE-Reconstruction,3.6768577999999934,0.057363005999945926,167863,0.9711351441985245,0.23387851842886923,0.25,0.2,0.3333333333333333,0.2595419847323279,0.24338729679584503,0.07635814889336016,0.006
abu-airport-4,ABU,MSAE-Reconstruction,3.4078584809999484,0.054535974000032184,167863,0.9722116029510395,0.23748243708627415,0.2625,0.21,0.35,0.2919708029192157,0.25985080003738403,0.061971830985915494,0.006
abu-airport-4,ABU,MSAE-LatentRX,3.4078584809999484,0.054535974000032184,167863,0.9382059020791416,0.07111277795012699,0.175,0.14,0.23333333333333334,0.18072289156580348,39.941162109375,0.1630784708249497,0.006
abu-airport-4,ABU,MSAE-Fusion,3.4078584809999484,0.054535974000032184,167863,0.978356807511737,0.354001304326404,0.2375,0.19,0.31666666666666665,0.3777777777773333,0.9793729372937293,0.06116700201207243,0.006
abu-airport-4,ABU,DMSAE-Reconstruction,3.4559973020000143,0.05569190300002447,167863,0.9696596244131455,0.2404503564746886,0.275,0.22,0.36666666666666664,0.3039999999995008,0.26971516013145447,0.08370221327967807,0.006
abu-airport-4,ABU,DMSAE-LatentRX,3.4559973020000143,0.05569190300002447,167863,0.9461150234741784,0.09105160383282673,0.2,0.16,0.26666666666666666,0.23703703703654325,44.002410888671875,0.1546277665995976,0.006
abu-airport-4,ABU,Proposed-SSMSAE,3.4559973020000143,0.05569190300002447,167863,0.9793611670020121,0.3858442271130181,0.275,0.22,0.36666666666666664,0.40776699029077573,0.9710021002100211,0.07042253521126761,0.006
abu-beach-1,ABU,RX,0.0,1.5526510240000562,0,0.9542912260411717,0.025374751471672674,0.06557377049180328,0.035555555555555556,0.42105263157894735,0.08029197080279064,375.28717041015625,0.4532271696098928,0.0008444444444444444
abu-beach-1,ABU,PCA-RX,0.0,0.060575127999982215,0,0.940344946258712,0.008266455022201054,0.0,0.0,0.0,0.022421524663635437,54.33250427246094,0.32053734264490014,0.0008444444444444444
abu-beach-1,ABU,AE-Reconstruction,7.936718222999957,0.132481351000024,167092,0.8612653023957072,0.009407361912349609,0.00819672131147541,0.0044444444444444444,0.05263157894736842,0.029055690072594276,0.3455312252044678,0.9678839909256706,0.0008444444444444444
abu-beach-1,ABU,MSAE-Reconstruction,7.735260998000058,0.13149280200002522,167092,0.9720184764210245,0.019271453452832335,0.0,0.0,0.0,0.05474452554737831,0.6372612714767456,0.18041902050620523,0.0008444444444444444
abu-beach-1,ABU,MSAE-LatentRX,7.735260998000058,0.13149280200002522,167092,0.9311406825412806,0.007021924792675101,0.0,0.0,0.0,0.022670025188893234,28.59698486328125,0.36199457319514255,0.0008444444444444444
abu-beach-1,ABU,MSAE-Fusion,7.735260998000058,0.13149280200002522,167092,0.9756367365190255,0.02048251913760671,0.02459016393442623,0.013333333333333334,0.15789473684210525,0.05555555555549539,0.9633183697053201,0.14349895467283483,0.0008444444444444444
abu-beach-1,ABU,DMSAE-Reconstruction,8.101260093000064,0.126562429000046,167092,0.9722081102404604,0.019459151996775843,0.0,0.0,0.0,0.055248618784462855,0.5964360237121582,0.17525910769093903,0.0008444444444444444
abu-beach-1,ABU,DMSAE-LatentRX,8.101260093000064,0.126562429000046,167092,0.931464932960933,0.00704577581968221,0.0,0.0,0.0,0.02222222222219904,28.7822265625,0.3479827409812731,0.0008444444444444444
abu-beach-1,ABU,Proposed-SSMSAE,8.101260093000064,0.126562429000046,167092,0.9762419259304349,0.021063543134677426,0.02459016393442623,0.013333333333333334,0.15789473684210525,0.06307977736542364,0.9647050980043558,0.140429696187892,0.0008444444444444444
abu-beach-2,ABU,RX,0.0,0.9384029719999489,0,0.942474873635557,0.20892904069448798,0.11920529801324503,0.18,0.0891089108910891,0.35199999999956255,254.1830596923828,0.12237191263523169,0.0202
abu-beach-2,ABU,PCA-RX,0.0,0.03170702799991432,0,0.9514123411728802,0.18745191686250937,0.0858085808580858,0.12871287128712872,0.06435643564356436,0.3468057366358571,62.99456024169922,0.10063278220044908,0.0202
abu-beach-2,ABU,AE-Reconstruction,3.6334588820000135,0.05803065099996729,168377,0.9550623081291595,0.20114193717952095,0.07260726072607261,0.10891089108910891,0.054455445544554455,0.36080178173684496,1.2139719724655151,0.09879567258624208,0.0202
abu-beach-2,ABU,MSAE-Reconstruction,3.5920266159999983,0.0570335460000706,168377,0.9655600051738181,0.26928488986135884,0.15894039735099338,0.24,0.1188118811881188,0.4206896551719599,2.445723056793213,0.10859359052867933,0.0202
abu-beach-2,ABU,MSAE-LatentRX,3.5920266159999983,0.0570335460000706,168377,0.8659897756462726,0.07022716699805527,0.0,0.0,0.0,0.1605277625066745,9.357421875,0.2758726270667483,0.0202
abu-beach-2,ABU,MSAE-Fusion,3.5920266159999983,0.0570335460000706,168377,0.9635675294412479,0.35897314287920834,0.32450331125827814,0.49,0.24257425742574257,0.4380165289251335,0.9296404640464047,0.11532965911410492,0.0202
abu-beach-2,ABU,DMSAE-Reconstruction,3.629124344999923,0.055840657999965515,168377,0.9695146412987901,0.3008953106259806,0.1716171617161716,0.25742574257425743,0.12871287128712872,0.4700315457408906,2.100411891937256,0.10002041232904675,0.0202
abu-beach-2,ABU,DMSAE-LatentRX,3.629124344999923,0.055840657999965515,168377,0.8072742669245492,0.04698429878266153,0.0,0.0,0.0,0.12219834203242892,6.5400390625,0.28852827107572976,0.0202
abu-beach-2,ABU,Proposed-SSMSAE,3.629124344999923,0.055840657999965515,168377,0.9427386170950224,0.21705187678483337,0.2185430463576159,0.33,0.16336633663366337,0.3143939393934669,0.9217646764676468,0.11583996734027352,0.0202
abu-beach-3,ABU,RX,0.0,0.90599483099993,0,0.9996086604355701,0.8386674628053938,0.1981981981981982,0.11,1.0,0.7999999999995049,379.66845703125,0.0018019821803984383,0.0011
abu-beach-3,ABU,PCA-RX,0.0,0.03165986100009377,0,0.9969511917654875,0.7469981897166363,0.18018018018018017,0.1,0.9090909090909091,0.7999999999995049,222.21702575683594,0.02983281609770748,0.0011
abu-beach-3,ABU,AE-Reconstruction,3.7111349379999865,0.05539919299997109,167092,0.9991263116701099,0.717385679454645,0.1981981981981982,0.11,1.0,0.699999999999505,0.7274690866470337,0.004705175693262589,0.0011
abu-beach-3,ABU,MSAE-Reconstruction,3.430718971000033,0.054499748000012005,167092,0.9924917409150065,0.6004692937239714,0.16071428571428573,0.0891089108910891,0.8181818181818182,0.7058823529407197,1.656550645828247,0.05806387025728301,0.0011
abu-beach-3,ABU,MSAE-LatentRX,3.430718971000033,0.054499748000012005,167092,0.9110658087532649,0.45982045812354605,0.09009009009009009,0.05,0.45454545454545453,0.6249999999995702,125.2381591796875,0.41966162779056965,0.0011
abu-beach-3,ABU,MSAE-Fusion,3.430718971000033,0.054499748000012005,167092,0.9796685444898479,0.4883786033063973,0.10810810810810811,0.06,0.5454545454545454,0.6249999999995702,0.9996624662466247,0.13224547001701872,0.0011
abu-beach-3,ABU,DMSAE-Reconstruction,3.4635276970000177,0.05701901000009002,167092,0.9925099427552125,0.6009899053689296,0.16216216216216217,0.09,0.8181818181818182,0.7058823529407197,1.641126275062561,0.05786365001501652,0.0011
abu-beach-3,ABU,DMSAE-LatentRX,3.4635276970000177,0.05701901000009002,167092,0.9099008909800781,0.45980752014015625,0.09009009009009009,0.05,0.45454545454545453,0.6249999999995702,120.460205078125,0.4402843127440184,0.0011
abu-beach-3,ABU,Proposed-SSMSAE,3.4635276970000177,0.05701901000009002,167092,0.9796230398893327,0.4871984731933594,0.10810810810810811,0.06,0.5454545454545454,0.6249999999995702,0.9996624662466247,0.1375513064370808,0.0011
abu-beach-4,ABU,RX,0.0,0.580731157999935,0,0.9146118727448183,0.23199706716100396,0.23208191126279865,0.1511111111111111,0.5,0.28282828282785266,289.2373962402344,0.6829529243937232,0.003022222222222222
abu-beach-4,ABU,PCA-RX,0.0,0.046301979000077154,0,0.9554214829655114,0.17979910076752437,0.21843003412969283,0.14222222222222222,0.47058823529411764,0.2954545454540713,110.39373779296875,0.22280670470756062,0.003022222222222222
abu-beach-4,ABU,AE-Reconstruction,5.384458486000085,0.08085024600006818,144990,0.9211440326844005,0.10054825008695757,0.14334470989761092,0.09333333333333334,0.3088235294117647,0.20512820512771834,1.576135277748108,0.45693651925820256,0.003022222222222222
abu-beach-4,ABU,MSAE-Reconstruction,5.740225923000025,0.08116209399997842,144990,0.9157512639506588,0.09376305729393153,0.15699658703071673,0.10222222222222223,0.3382352941176471,0.21538461538411646,1.5479376316070557,0.4743669757489301,0.003022222222222222
abu-beach-4,ABU,MSAE-LatentRX,5.740225923000025,0.08116209399997842,144990,0.8614236752118822,0.048678953904329934,0.12286689419795221,0.08,0.2647058823529412,0.14864864864815194,56.1044921875,0.3418330955777461,0.003022222222222222
abu-beach-4,ABU,MSAE-Fusion,5.740225923000025,0.08116209399997842,144990,0.9269684982587899,0.16388221914576037,0.14334470989761092,0.09333333333333334,0.3088235294117647,0.2635658914723697,0.9855349126627851,0.24728067047075605,0.003022222222222222
abu-beach-4,ABU,DMSAE-Reconstruction,5.96152895900002,0.0810992219999207,144990,0.9258910589913568,0.10237525489521225,0.16382252559726962,0.10666666666666667,0.35294117647058826,0.22222222222172539,1.6682016849517822,0.39608594864479313,0.003022222222222222
abu-beach-4,ABU,DMSAE-LatentRX,5.96152895900002,0.0810992219999207,144990,0.8631927472308467,0.06446809502529867,0.12286689419795221,0.08,0.2647058823529412,0.19354838709627886,59.8681640625,0.3442403708987161,0.003022222222222222
abu-beach-4,ABU,Proposed-SSMSAE,5.96152895900002,0.0810992219999207,144990,0.931574247923135,0.19644004097395804,0.14334470989761092,0.09333333333333334,0.3088235294117647,0.2644628099168631,0.9857815902929019,0.23319365192582026,0.003022222222222222
abu-urban-1,ABU,RX,0.0,0.9603488190000462,0,0.9954824187729429,0.5874816339289153,0.6107784431137725,0.51,0.7611940298507462,0.6285714285709559,269.0677795410156,0.011678244236383771,0.0067
abu-urban-1,ABU,PCA-RX,0.0,0.032935038999994504,0,0.988251884642027,0.3079671819420219,0.46706586826347307,0.39,0.582089552238806,0.4727272727267904,73.89617919921875,0.04298801973220578,0.0067
abu-urban-1,ABU,AE-Reconstruction,3.701310440000043,0.059643400000027214,171204,0.9283310118089708,0.060368199160047875,0.059880239520958084,0.05,0.07462686567164178,0.10176125244595612,1.2380801439285278,0.14325984093425953,0.0067
abu-urban-1,ABU,MSAE-Reconstruction,3.9620438419999573,0.058313147000035315,171204,0.9744143973578198,0.19709378340824274,0.2634730538922156,0.22,0.3283582089552239,0.2799999999995057,3.5674283504486084,0.07379442263163194,0.0067
abu-urban-1,ABU,MSAE-LatentRX,3.9620438419999573,0.058313147000035315,171204,0.9486762803319555,0.1710174171482991,0.2874251497005988,0.24,0.3582089552238806,0.2891566265055427,55.39361572265625,0.11799053659518775,0.0067
abu-urban-1,ABU,MSAE-Fusion,3.9620438419999573,0.058313147000035315,171204,0.9792257378165049,0.43777474696847074,0.3712574850299401,0.31,0.4626865671641791,0.43999999999955786,0.9887438743874387,0.09423135004530353,0.0067
abu-urban-1,ABU,DMSAE-Reconstruction,3.717437431999997,0.05901630300002125,171204,0.9749688585162379,0.2722157582295111,0.31137724550898205,0.26,0.3880597014925373,0.31788079470149305,3.5121686458587646,0.07168025772676935,0.0067
abu-urban-1,ABU,DMSAE-LatentRX,3.717437431999997,0.05901630300002125,171204,0.9570818513893835,0.24605082334357847,0.2874251497005988,0.24,0.3582089552238806,0.2893081761001413,58.5103759765625,0.11003724957213329,0.0067
abu-urban-1,ABU,Proposed-SSMSAE,3.717437431999997,0.05901630300002125,171204,0.9795856116578088,0.46248290308758333,0.38323353293413176,0.32,0.47761194029850745,0.4799999999995577,0.9898614861486148,0.08496929427161985,0.0067
abu-urban-2,ABU,RX,0.0,1.0542603259999623,0,0.9945624928324514,0.7572921624492316,0.596078431372549,0.76,0.49032258064516127,0.7202380952375981,233.08868408203125,0.023260538344337226,0.0155
abu-urban-2,ABU,PCA-RX,0.0,0.03247689600004833,0,0.9887458837792231,0.5851883068837386,0.4392156862745098,0.56,0.36129032258064514,0.5865384615379939,75.1927490234375,0.03768410360589131,0.0155
abu-urban-2,ABU,AE-Reconstruction,3.7396239360000436,0.06159028100000796,171975,0.9674565441766739,0.18838052625590493,0.0784313725490196,0.1,0.06451612903225806,0.35977337110447316,1.0186134576797485,0.06135093956323007,0.0155
abu-urban-2,ABU,MSAE-Reconstruction,3.682416157000034,0.05980917900001259,171975,0.9903284785137371,0.65508701222618,0.48627450980392156,0.62,0.4,0.5865921787704587,3.1610045433044434,0.036769933976637886,0.0155
abu-urban-2,ABU,MSAE-LatentRX,3.682416157000034,0.05980917900001259,171975,0.9946254034305937,0.797184601726025,0.6588235294117647,0.84,0.5419354838709678,0.7027027027022037,50.1158447265625,0.031691213814118845,0.0155
abu-urban-2,ABU,MSAE-Fusion,3.682416157000034,0.05980917900001259,171975,0.995977653631285,0.8593161462978562,0.6980392156862745,0.89,0.5741935483870968,0.7973421926905302,0.9746824682468247,0.02590147282884713,0.0155
abu-urban-2,ABU,DMSAE-Reconstruction,3.9675008899999966,0.05971897500000978,171975,0.9878068120382051,0.6074900512520292,0.4627450980392157,0.59,0.38064516129032255,0.5415384615379626,3.1339268684387207,0.03941086846114779,0.0155
abu-urban-2,ABU,DMSAE-LatentRX,3.9675008899999966,0.05971897500000978,171975,0.994129982470224,0.8071994983592743,0.6875,0.8712871287128713,0.567741935483871,0.7285714285709343,49.27069091796875,0.033011681056373796,0.0155
abu-urban-2,ABU,Proposed-SSMSAE,3.9675008899999966,0.05971897500000978,171975,0.996227657727027,0.8648025651272148,0.6980392156862745,0.89,0.5741935483870968,0.7999999999995038,0.9756200620062006,0.024682579989842558,0.0155
abu-urban-3,ABU,RX,0.0,0.9157307240000137,0,0.9806058813522625,0.12258835997998627,0.10526315789473684,0.08,0.15384615384615385,0.25236593059909485,161.31687927246094,0.04754724567752312,0.0052
abu-urban-3,ABU,PCA-RX,0.0,0.036005252999984805,0,0.9795001314527852,0.11449242515376991,0.11842105263157894,0.09,0.17307692307692307,0.2407862407860179,79.66244506835938,0.043727382388419785,0.0052
abu-urban-3,ABU,AE-Reconstruction,3.7433112859999937,0.05605898700002854,167863,0.9504915947542607,0.07556910345160979,0.13157894736842105,0.1,0.19230769230769232,0.19883040935630192,0.6767688393592834,0.19782870928829915,0.0052
abu-urban-3,ABU,MSAE-Reconstruction,3.4307107060000135,0.05580208600008518,167863,0.9638263199406142,0.0961123894462703,0.19607843137254902,0.1485148514851485,0.28846153846153844,0.219653179190331,0.835638701915741,0.10655408122235625,0.0052
abu-urban-3,ABU,MSAE-LatentRX,3.4307107060000135,0.05580208600008518,167863,0.98373561751879,0.1569394841017874,0.2631578947368421,0.2,0.38461538461538464,0.31578947368378735,50.414520263671875,0.06473663047848814,0.0052
abu-urban-3,ABU,MSAE-Fusion,3.4307107060000135,0.05580208600008518,167863,0.9891783427670038,0.47320803695272634,0.3815789473684211,0.29,0.5576923076923077,0.5063291139236007,0.9896739673967396,0.028347406513872134,0.0052
abu-urban-3,ABU,DMSAE-Reconstruction,3.4472118390000333,0.05453716799991071,167863,0.9658541724660543,0.10532029242409029,0.20915032679738563,0.15841584158415842,0.3076923076923077,0.23030303030259866,0.885154128074646,0.10283474065138722,0.0052
abu-urban-3,ABU,DMSAE-LatentRX,3.4472118390000333,0.05453716799991071,167863,0.9833509248090069,0.16301893281161042,0.27631578947368424,0.21,0.40384615384615385,0.32704402515679254,51.044281005859375,0.05840369923602734,0.0052
abu-urban-3,ABU,Proposed-SSMSAE,3.4472118390000333,0.05453716799991071,167863,0.9886293340756549,0.44346334725477465,0.3684210526315789,0.28,0.5384615384615384,0.45977011494204784,0.9900940094009401,0.02804583835946924,0.0052
abu-urban-4,ABU,RX,0.0,0.9802861269999994,0,0.9838111334171826,0.5167880495652741,0.3010752688172043,0.56,0.20588235294117646,0.6034985422735738,128.8525390625,0.05530427631578947,0.0272
abu-urban-4,ABU,PCA-RX,0.0,0.0336566490000223,0,0.9831629891882739,0.5123086024194028,0.3010752688172043,0.56,0.20588235294117646,0.5784313725485257,81.85224914550781,0.05293996710526316,0.0272
abu-urban-4,ABU,AE-Reconstruction,3.740340207000031,0.059925429999907465,171461,0.9361557148558437,0.20642059551891648,0.14516129032258066,0.27,0.09926470588235294,0.32008830022033036,0.25325414538383484,0.1474095394736842,0.0272
abu-urban-4,ABU,MSAE-Reconstruction,3.7148915630000374,0.06117969299998549,171461,0.9899588664618808,0.642712443925397,0.34946236559139787,0.65,0.23897058823529413,0.7208588957050351,1.0828592777252197,0.021792763157894735,0.0272
abu-urban-4,ABU,MSAE-LatentRX,3.7148915630000374,0.06117969299998549,171461,0.9755065729005418,0.6372874328920504,0.45698924731182794,0.85,0.3125,0.580547112461521,16.9078369140625,0.08881578947368421,0.0272
abu-urban-4,ABU,MSAE-Fusion,3.7148915630000374,0.06117969299998549,171461,0.9934769857778638,0.8510177870073283,0.5,0.93,0.34191176470588236,0.8141891891886925,0.9325782578257825,0.024054276315789474,0.0272
abu-urban-4,ABU,DMSAE-Reconstruction,4.049966759999961,0.06031776300005731,171461,0.9903481309258901,0.6542904521818063,0.34946236559139787,0.65,0.23897058823529413,0.7242424242419396,1.0763493776321411,0.02055921052631579,0.0272
abu-urban-4,ABU,DMSAE-LatentRX,4.049966759999961,0.06031776300005731,171461,0.9739755919843266,0.6288334472429161,0.45161290322580644,0.84,0.3088235294117647,0.5738831615115295,18.0799560546875,0.08922697368421052,0.0272
abu-urban-4,ABU,Proposed-SSMSAE,4.049966759999961,0.06031776300005731,171461,0.9935055192410024,0.8518638729331004,0.5,0.93,0.34191176470588236,0.819561551432893,0.9314931493149315,0.023848684210526317,0.0272
abu-urban-5,ABU,RX,0.0,1.0095699570000534,0,0.9669491689965828,0.30642002126596535,0.1144578313253012,0.19,0.08189655172413793,0.4747774480707651,93.54035949707031,0.07135544635544636,0.0232
abu-urban-5,ABU,PCA-RX,0.0,0.03272717499999089,0,0.9644881950916434,0.2989231934508316,0.16265060240963855,0.27,0.11637931034482758,0.45207439198811156,59.74518585205078,0.10176085176085176,0.0232
abu-urban-5,ABU,AE-Reconstruction,4.012154876000068,0.060456659000010404,171461,0.9236736246434523,0.17433688582700455,0.12650602409638553,0.21,0.09051724137931035,0.30235439900826444,0.15563973784446716,0.2902334152334152,0.0232
abu-urban-5,ABU,MSAE-Reconstruction,3.6910159259999773,0.061717257000054815,171461,0.9610758387698042,0.3211467714099274,0.20481927710843373,0.34,0.14655172413793102,0.48537005163463215,0.8734028935432434,0.12837837837837837,0.0232
abu-urban-5,ABU,MSAE-LatentRX,3.6910159259999773,0.061717257000054815,171461,0.906724367392471,0.2019259044069638,0.18674698795180722,0.31,0.1336206896551724,0.33189655172363797,24.2353515625,0.36742424242424243,0.0232
abu-urban-5,ABU,MSAE-Fusion,3.6910159259999773,0.061717257000054815,171461,0.9652542432714847,0.4962423697475625,0.39156626506024095,0.65,0.2801724137931034,0.5313807531375757,0.9466621662166216,0.17383292383292384,0.0232
abu-urban-5,ABU,DMSAE-Reconstruction,3.735357907999969,0.061048249999998916,171461,0.9607766563585529,0.3205045197129422,0.21084337349397592,0.35,0.15086206896551724,0.4728546409802531,0.8026155829429626,0.1303235053235053,0.0232
abu-urban-5,ABU,DMSAE-LatentRX,3.735357907999969,0.061048249999998916,171461,0.9129518183936287,0.21529872333991165,0.19879518072289157,0.33,0.14224137931034483,0.31890660592205294,26.78955078125,0.350020475020475,0.0232
abu-urban-5,ABU,Proposed-SSMSAE,3.735357907999969,0.061048249999998916,171461,0.9658806288655426,0.5057860407009422,0.39759036144578314,0.66,0.28448275862068967,0.5319587628860989,0.9476297629762975,0.1642096642096642,0.0232
HYDICE-urban,HYDICE,RX,0.0,0.6350940319999836,0,0.9926951103790307,0.33605232823339887,0.297029702970297,0.1875,0.7142857142857143,0.4827586206891931,256.6864318847656,0.025692442661987717,0.002625
HYDICE-urban,HYDICE,PCA-RX,0.0,0.024241383000003225,0,0.9925518772492077,0.5835929661496049,0.33663366336633666,0.2125,0.8095238095238095,0.684210526315295,137.94041442871094,0.021932573004135855,0.002625
HYDICE-urban,HYDICE,AE-Reconstruction,2.666835563999939,0.04292963399996097,163751,0.9843995249434527,0.3763100693337235,0.2376237623762376,0.15,0.5714285714285714,0.4242424242419614,0.26986223459243774,0.0785812758491039,0.002625
HYDICE-urban,HYDICE,MSAE-Reconstruction,2.6316141849999894,0.04089683799998056,163751,0.957370239736451,0.7082779434218389,0.297029702970297,0.1875,0.7142857142857143,0.7777777777772916,0.857218861579895,0.22032836195011907,0.002625
HYDICE-urban,HYDICE,MSAE-LatentRX,2.6316141849999894,0.04089683799998056,163751,0.879737883372424,0.4427760487896597,0.21782178217821782,0.1375,0.5238095238095238,0.49999999999962497,112.92247009277344,0.7638801854869032,0.002625
HYDICE-urban,HYDICE,MSAE-Fusion,2.6316141849999894,0.04089683799998056,163751,0.91396164932949,0.5560296764119843,0.25742574257425743,0.1625,0.6190476190476191,0.6470588235289394,0.9929678709838731,0.46722646948239127,0.002625
HYDICE-urban,HYDICE,DMSAE-Reconstruction,2.643222704999971,0.04013002400006371,163751,0.956833115499615,0.6849244589746765,0.297029702970297,0.1875,0.7142857142857143,0.7567567567562659,0.7862555980682373,0.21443789948615113,0.002625
HYDICE-urban,HYDICE,DMSAE-LatentRX,2.643222704999971,0.04013002400006371,163751,0.8658203975912963,0.4617292132346652,0.21782178217821782,0.1375,0.5238095238095238,0.52941176470541,96.623779296875,0.9481137987216444,0.002625
HYDICE-urban,HYDICE,Proposed-SSMSAE,2.643222704999971,0.04013002400006371,163751,0.9060151946478554,0.5912204627439699,0.25742574257425743,0.1625,0.6190476190476191,0.6874999999995489,0.9934429303662958,0.56573505451811,0.002625
