dataset,seed,roc_auc,pr_auc,f1_p99,precision_p99,recall_p99,oracle_f1,oracle_threshold,fpr_at_95_tpr,anomaly_prevalence
abu-airport-1,42,0.8680256104572512,0.06263236589860768,0.02459016393442623,0.03,0.020833333333333332,0.15199258572729424,0.8164866486648664,0.4179180194805195,0.0144
abu-airport-1,123,0.8780216365665585,0.06997634388517569,0.06557377049180328,0.08,0.05555555555555555,0.1473899692935051,0.8276277627762777,0.3969155844155844,0.0144
abu-airport-1,2026,0.8719899891774892,0.06381624114434864,0.02459016393442623,0.03,0.020833333333333332,0.14727540500717418,0.7665566556655665,0.4838676948051948,0.0144
abu-airport-2,42,0.9428771693039791,0.17797063014444428,0.1711229946524064,0.16,0.1839080459770115,0.20634920634877896,0.9855535553555356,0.16039544033087866,0.0087
abu-airport-2,123,0.9585381323259483,0.2667780714225731,0.32978723404255317,0.3069306930693069,0.3563218390804598,0.3680981595087048,0.9631063106310631,0.13093917078583678,0.0087
abu-airport-2,2026,0.909825249788099,0.09695501745785631,0.1497326203208556,0.14,0.16091954022988506,0.17218543046308776,0.976022602260226,0.2959749823464138,0.0087
abu-airport-3,42,0.8961507390341691,0.18985034886007532,0.1925925925925926,0.26,0.15294117647058825,0.239651416121538,0.9204470447044705,0.4251271617497457,0.017
abu-airport-3,123,0.8704120040691761,0.19283826687465386,0.2222222222222222,0.3,0.17647058823529413,0.26934097421153474,0.9387688768876888,0.5442522889114955,0.017
abu-airport-3,2026,0.8827532762850817,0.20218094063309278,0.25925925925925924,0.35,0.20588235294117646,0.3157894736837122,0.9505800580058006,0.5059003051881994,0.017
abu-airport-4,42,0.9793611670020121,0.3858442271130181,0.275,0.22,0.36666666666666664,0.40776699029077573,0.9710021002100211,0.07042253521126761,0.006
abu-airport-4,123,0.9816758886653253,0.4528932774285728,0.4,0.32,0.5333333333333333,0.4222222222217778,0.9543304330433043,0.08883299798792757,0.006
abu-airport-4,2026,0.9850016767270289,0.4303329783601523,0.2875,0.23,0.38333333333333336,0.4255319148931552,0.9617811781178116,0.04476861167002012,0.006
abu-beach-1,42,0.9762419259304349,0.021063543134677426,0.02459016393442623,0.013333333333333334,0.15789473684210525,0.06307977736542364,0.9647050980043558,0.140429696187892,0.0008444444444444444
abu-beach-1,123,0.9758064704932118,0.019077478666086632,0.00819672131147541,0.0044444444444444444,0.05263157894736842,0.05610561056099537,0.9603515711809414,0.11454116809750456,0.0008444444444444444
abu-beach-1,2026,0.9873261397343722,0.04979833556648329,0.13114754098360656,0.07111111111111111,0.8421052631578947,0.13599999999985957,0.9749722209875994,0.11267292380232197,0.0008444444444444444
abu-beach-2,42,0.9427386170950224,0.21705187678483337,0.2185430463576159,0.33,0.16336633663366337,0.3143939393934669,0.9217646764676468,0.11583996734027352,0.0202
abu-beach-2,123,0.9313541963504371,0.16128597534935019,0.15894039735099338,0.24,0.1188118811881188,0.2504012841087111,0.9131113111311131,0.12420902224943867,0.0202
abu-beach-2,2026,0.9461819344824869,0.22572631344603666,0.23178807947019867,0.35,0.17326732673267325,0.3283582089547335,0.922899789978998,0.1094100836905491,0.0202
abu-beach-3,42,0.9796230398893327,0.4871984731933594,0.10810810810810811,0.06,0.5454545454545454,0.6249999999995702,0.9996624662466247,0.1375513064370808,0.0011
abu-beach-3,123,0.9749997724769974,0.5109737087447827,0.10810810810810811,0.06,0.5454545454545454,0.6249999999995702,0.9996599659965997,0.13484833316648312,0.0011
abu-beach-3,2026,0.9896886575232755,0.5324847947229692,0.10810810810810811,0.06,0.5454545454545454,0.6249999999995702,0.9996624662466247,0.05896486134748223,0.0011
abu-beach-4,42,0.931574247923135,0.19644004097395804,0.14334470989761092,0.09333333333333334,0.3088235294117647,0.2644628099168631,0.9857815902929019,0.23319365192582026,0.003022222222222222
abu-beach-4,123,0.9284874680078878,0.1926811912760942,0.15017064846416384,0.09777777777777778,0.3235294117647059,0.2782608695647341,0.9902706786968309,0.26145684736091296,0.003022222222222222
abu-beach-4,2026,0.9377058508852899,0.2102157888859901,0.15017064846416384,0.09777777777777778,0.3235294117647059,0.28571428571382934,0.988001688963954,0.22842368045649072,0.003022222222222222
abu-urban-1,42,0.9795856116578088,0.46248290308758333,0.38323353293413176,0.32,0.47761194029850745,0.4799999999995577,0.9898614861486148,0.08496929427161985,0.0067
abu-urban-1,123,0.9825517534646309,0.45264390762628803,0.40718562874251496,0.34,0.5074626865671642,0.43548387096724517,0.9817581758175817,0.06553911205073996,0.0067
abu-urban-1,2026,0.9838755482629138,0.494832466325733,0.38323353293413176,0.32,0.47761194029850745,0.4881889763774543,0.9825182518251825,0.05607570723849794,0.0067
abu-urban-2,42,0.996227657727027,0.8648025651272148,0.6980392156862745,0.89,0.5741935483870968,0.7999999999995038,0.9756200620062006,0.024682579989842558,0.0155
abu-urban-2,123,0.9926211110929077,0.8080122776501775,0.6823529411764706,0.87,0.5612903225806452,0.7579617834389903,0.969929492949295,0.04448958862366684,0.0155
abu-urban-2,2026,0.9937616933436,0.7816457988495064,0.6274509803921569,0.8,0.5161290322580645,0.6993464052282582,0.9667741774177417,0.03158963941086846,0.0155
abu-urban-3,42,0.9886293340756549,0.44346334725477465,0.3684210526315789,0.28,0.5384615384615384,0.45977011494204784,0.9900940094009401,0.02804583835946924,0.0052
abu-urban-3,123,0.9895437041848381,0.5010583480956013,0.3815789473684211,0.29,0.5576923076923077,0.5161290322575715,0.9893889388938893,0.029754724567752314,0.0052
abu-urban-3,2026,0.9888622761436392,0.4205843336749575,0.35526315789473684,0.27,0.5192307692307693,0.43859649122757405,0.9901240124012402,0.026638520305589063,0.0052
abu-urban-4,42,0.9935055192410024,0.8518638729331004,0.5,0.93,0.34191176470588236,0.819561551432893,0.9314931493149315,0.023848684210526317,0.0272
abu-urban-4,123,0.9944558158378483,0.8452141380220844,0.489247311827957,0.91,0.33455882352941174,0.8048359240064102,0.9346884688468846,0.020970394736842105,0.0272
abu-urban-4,2026,0.9930597547407122,0.8232537237719286,0.4838709677419355,0.9,0.33088235294117646,0.8081494057719987,0.9402090209020901,0.02641858552631579,0.0272
abu-urban-5,42,0.9658806288655426,0.5057860407009422,0.39759036144578314,0.66,0.28448275862068967,0.5319587628860989,0.9476297629762975,0.1642096642096642,0.0232
abu-urban-5,123,0.969940331201107,0.5260849655835091,0.41566265060240964,0.69,0.2974137931034483,0.5165562913902286,0.9477697769776978,0.11691236691236691,0.0232
abu-urban-5,2026,0.965619395845689,0.45531147456958715,0.37349397590361444,0.62,0.2672413793103448,0.5023474178398795,0.9586233623362336,0.15315315315315314,0.0232
HYDICE-urban,42,0.9060151946478554,0.5912204627439699,0.25742574257425743,0.1625,0.6190476190476191,0.6874999999995489,0.9934429303662958,0.56573505451811,0.002625
HYDICE-urban,123,0.9476542590967958,0.5979803530841286,0.25742574257425743,0.1625,0.6190476190476191,0.6874999999995489,0.9964370546318291,0.32184484271211933,0.002625
HYDICE-urban,2026,0.9201176898883378,0.5843014300009184,0.27722772277227725,0.175,0.6666666666666666,0.6451612903221435,0.9941492686585823,0.4953001629276852,0.002625
