dataset,variant,roc_auc,pr_auc,f1_p99,precision_p99,recall_p99,oracle_f1,oracle_threshold,fpr_at_95_tpr,anomaly_prevalence
abu-airport-1,DMSAE Rec only,0.7584536773989898,0.03336347102615771,0.0,0.0,0.0,0.08189655172387574,0.13321873545646667,0.6096793831168831,0.0144
abu-airport-1,DMSAE Latent-RX only,0.7810727954770924,0.0400831471150608,0.0,0.0,0.0,0.10143702451373376,12.373287200927734,0.5666599025974026,0.0144
abu-airport-1,DMSAE Local only,0.8781643161525975,0.10931561508830501,0.12295081967213115,0.15,0.10416666666666667,0.19028340080930356,0.7412104606628418,0.4666193181818182,0.0144
abu-airport-1,Rec + LatentRX,0.8101512474071069,0.041426212966019726,0.0,0.0,0.0,0.09724473257684194,0.7685568556855685,0.546773538961039,0.0144
abu-airport-1,Rec + Local,0.8681806203778859,0.06472242566035555,0.05737704918032787,0.07,0.04861111111111111,0.14351425942939294,0.8383013301330133,0.41436688311688313,0.0144
abu-airport-1,LatentRX + Local,0.8616754881403318,0.06698719964346152,0.01639344262295082,0.02,0.013888888888888888,0.14598540145956504,0.8835683568356836,0.4224837662337662,0.0144
abu-airport-1,Full Proposed,0.8680256104572512,0.06263236589860768,0.02459016393442623,0.03,0.020833333333333332,0.15199258572729424,0.8164866486648664,0.4179180194805195,0.0144
abu-airport-2,DMSAE Rec only,0.9448344273338968,0.2495246407701806,0.3422459893048128,0.32,0.367816091954023,0.36024844720447224,0.29479941725730896,0.27600121053162513,0.0087
abu-airport-2,DMSAE Latent-RX only,0.9047767299644841,0.08069091328391631,0.12834224598930483,0.12,0.13793103448275862,0.16152019002342508,24.4163818359375,0.49833551901543427,0.0087
abu-airport-2,DMSAE Local only,0.8189420371020987,0.1247979923648938,0.20320855614973263,0.19,0.21839080459770116,0.2307692307687374,1.4082942008972168,0.5790376273580147,0.0087
abu-airport-2,Rec + LatentRX,0.9410712277272036,0.1772777557390952,0.21390374331550802,0.2,0.22988505747126436,0.23893805309687158,0.9786178617861785,0.2576414808836881,0.0087
abu-airport-2,Rec + Local,0.9322386370619794,0.18598394293305232,0.18181818181818182,0.17,0.19540229885057472,0.21333333333284613,0.9795679567956797,0.20024210632502773,0.0087
abu-airport-2,LatentRX + Local,0.9148598554551031,0.10943353445630917,0.1711229946524064,0.16,0.1839080459770115,0.18803418803380673,0.9938393839383939,0.27327751437506304,0.0087
abu-airport-2,Full Proposed,0.9428771693039791,0.17797063014444428,0.1711229946524064,0.16,0.1839080459770115,0.20634920634877896,0.9855535553555356,0.16039544033087866,0.0087
abu-airport-3,DMSAE Rec only,0.8413533002214111,0.11430341425359976,0.14814814814814814,0.2,0.11764705882352941,0.19209039547972678,0.43279531598091125,0.36307222787385557,0.017
abu-airport-3,DMSAE Latent-RX only,0.8601047214409671,0.1495355296972005,0.15555555555555556,0.21,0.12352941176470589,0.19681620839326142,16.035125732421875,0.5273652085452696,0.017
abu-airport-3,DMSAE Local only,0.790460774340255,0.15556536987074746,0.23703703703703705,0.32,0.18823529411764706,0.24647887323895606,1.2117726802825928,0.6836215666327569,0.017
abu-airport-3,Rec + LatentRX,0.8833792112979475,0.15353818715468437,0.15498154981549817,0.2079207920792079,0.12352941176470589,0.16908212560362848,0.8536053605360536,0.38850457782299086,0.017
abu-airport-3,Rec + Local,0.8798967745796182,0.16803713136236792,0.2074074074074074,0.28,0.16470588235294117,0.21212121212075358,0.9578507850785078,0.47792472024415056,0.017
abu-airport-3,LatentRX + Local,0.8668972533062055,0.1715030823648881,0.21481481481481482,0.29,0.17058823529411765,0.24144869215246742,0.954020402040204,0.466734486266531,0.017
abu-airport-3,Full Proposed,0.8961507390341691,0.18985034886007532,0.1925925925925926,0.26,0.15294117647058825,0.239651416121538,0.9204470447044705,0.4251271617497457,0.017
abu-airport-4,DMSAE Rec only,0.9696596244131455,0.2404503564746886,0.275,0.22,0.36666666666666664,0.3039999999995008,0.26971516013145447,0.08370221327967807,0.006
abu-airport-4,DMSAE Latent-RX only,0.9461150234741784,0.09105160383282673,0.2,0.16,0.26666666666666666,0.23703703703654325,44.002410888671875,0.1546277665995976,0.006
abu-airport-4,DMSAE Local only,0.9050586854460094,0.16828975871033947,0.1875,0.15,0.25,0.29629629629591225,1.0971546173095703,0.30764587525150905,0.006
abu-airport-4,Rec + LatentRX,0.9744257209926225,0.3326012667970745,0.325,0.26,0.43333333333333335,0.4888888888884444,0.9855785578557856,0.0722334004024145,0.006
abu-airport-4,Rec + Local,0.9766322937625754,0.2959242394693839,0.2875,0.23,0.38333333333333336,0.3894736842100942,0.948944894489449,0.10422535211267606,0.006
abu-airport-4,LatentRX + Local,0.9560420858484239,0.13047865911972192,0.175,0.14,0.23333333333333334,0.22950819672081163,0.9881138113811381,0.1357142857142857,0.006
abu-airport-4,Full Proposed,0.9793611670020121,0.3858442271130181,0.275,0.22,0.36666666666666664,0.40776699029077573,0.9710021002100211,0.07042253521126761,0.006
abu-beach-1,DMSAE Rec only,0.9722081102404604,0.019459151996775843,0.0,0.0,0.0,0.055248618784462855,0.5964360237121582,0.17525910769093903,0.0008444444444444444
abu-beach-1,DMSAE Latent-RX only,0.931464932960933,0.00704577581968221,0.0,0.0,0.0,0.02222222222219904,28.7822265625,0.3479827409812731,0.0008444444444444444
abu-beach-1,DMSAE Local only,0.9947370762210895,0.276077621596998,0.14754098360655737,0.08,0.9473684210526315,0.3225806451608158,2.2359039783477783,0.05867176727013923,0.0008444444444444444
abu-beach-1,Rec + LatentRX,0.9540957393260743,0.01018985727331457,0.0,0.0,0.0,0.028740490278920214,0.9531001377839015,0.21306881366487257,0.0008444444444444444
abu-beach-1,Rec + Local,0.9885213010284708,0.05205638908861153,0.12295081967213115,0.06666666666666667,0.7894736842105263,0.14772727272708014,0.9884483754833548,0.08945331613362395,0.0008444444444444444
abu-beach-1,LatentRX + Local,0.966370432107581,0.015354189072332231,0.01639344262295082,0.008888888888888889,0.10526315789473684,0.0415704387990333,0.9537757233654829,0.1824207108224723,0.0008444444444444444
abu-beach-1,Full Proposed,0.9762419259304349,0.021063543134677426,0.02459016393442623,0.013333333333333334,0.15789473684210525,0.06307977736542364,0.9647050980043558,0.140429696187892,0.0008444444444444444
abu-beach-2,DMSAE Rec only,0.9695146412987901,0.3008953106259806,0.1716171617161716,0.25742574257425743,0.12871287128712872,0.4700315457408906,2.100411891937256,0.10002041232904675,0.0202
abu-beach-2,DMSAE Latent-RX only,0.8072742669245492,0.04698429878266153,0.0,0.0,0.0,0.12219834203242892,6.5400390625,0.28852827107572976,0.0202
abu-beach-2,DMSAE Local only,0.9939536054034062,0.8746539868419185,0.6357615894039735,0.96,0.4752475247524752,0.8269230769225773,1.466562032699585,0.03561951418656869,0.0202
abu-beach-2,Rec + LatentRX,0.8812732543921875,0.07609627871164032,0.006622516556291391,0.01,0.0049504950495049506,0.15868408321220875,0.8051605160516051,0.2188201673810982,0.0202
abu-beach-2,Rec + Local,0.9935693584667713,0.7165110893405122,0.48344370860927155,0.73,0.3613861386138614,0.7296137339050881,0.9538053805380539,0.01643192488262911,0.0202
abu-beach-2,LatentRX + Local,0.9137915092795255,0.13317063468672868,0.17218543046357615,0.26,0.12871287128712872,0.2143864598021313,0.9003875387538753,0.1543172075933864,0.0202
abu-beach-2,Full Proposed,0.9427386170950224,0.21705187678483337,0.2185430463576159,0.33,0.16336633663366337,0.3143939393934669,0.9217646764676468,0.11583996734027352,0.0202
abu-beach-3,DMSAE Rec only,0.9925099427552125,0.6009899053689296,0.16216216216216217,0.09,0.8181818181818182,0.7058823529407197,1.641126275062561,0.05786365001501652,0.0011
abu-beach-3,DMSAE Latent-RX only,0.9099008909800781,0.45980752014015625,0.09009009009009009,0.05,0.45454545454545453,0.6249999999995702,120.460205078125,0.4402843127440184,0.0011
abu-beach-3,DMSAE Local only,0.9901164007681177,0.5940788241827523,0.16216216216216217,0.09,0.8181818181818182,0.6249999999995702,1.8939849138259888,0.08008809690659725,0.0011
abu-beach-3,Rec + LatentRX,0.9568889414719828,0.47062289666568885,0.10810810810810811,0.06,0.5454545454545454,0.6249999999995702,0.9996499649964996,0.26539193112423665,0.0011
abu-beach-3,Rec + Local,0.9953676316675617,0.6176657602424312,0.18018018018018017,0.1,0.9090909090909091,0.7058823529407197,0.9993649364936494,0.03163479827810592,0.0011
abu-beach-3,LatentRX + Local,0.9621674751317358,0.47793891568675895,0.10810810810810811,0.06,0.5454545454545454,0.6249999999995702,0.9996674667466747,0.24567023726098708,0.0011
abu-beach-3,Full Proposed,0.9796230398893327,0.4871984731933594,0.10810810810810811,0.06,0.5454545454545454,0.6249999999995702,0.9996624662466247,0.1375513064370808,0.0011
abu-beach-4,DMSAE Rec only,0.9258910589913568,0.10237525489521225,0.16382252559726962,0.10666666666666667,0.35294117647058826,0.22222222222172539,1.6682016849517822,0.39608594864479313,0.003022222222222222
abu-beach-4,DMSAE Latent-RX only,0.8631927472308467,0.06446809502529867,0.12286689419795221,0.08,0.2647058823529412,0.19354838709627886,59.8681640625,0.3442403708987161,0.003022222222222222
abu-beach-4,DMSAE Local only,0.9670986038852061,0.42281203127324335,0.27303754266211605,0.17777777777777778,0.5882352941176471,0.4954128440362279,1.1440106630325317,0.11679743223965763,0.003022222222222222
abu-beach-4,Rec + LatentRX,0.8990144069396659,0.1330172098314209,0.15017064846416384,0.09777777777777778,0.3235294117647059,0.2461538461533472,0.9933597048757723,0.32181704707560627,0.003022222222222222
abu-beach-4,Rec + Local,0.9590222345179156,0.2966234188253854,0.19795221843003413,0.1288888888888889,0.4264705882352941,0.3958333333329202,0.9923285479354638,0.20069543509272467,0.003022222222222222
abu-beach-4,LatentRX + Local,0.9175947438533187,0.09734002905420647,0.13651877133105803,0.08888888888888889,0.29411764705882354,0.22222222222179208,0.9910996044268634,0.22276212553495006,0.003022222222222222
abu-beach-4,Full Proposed,0.931574247923135,0.19644004097395804,0.14334470989761092,0.09333333333333334,0.3088235294117647,0.2644628099168631,0.9857815902929019,0.23319365192582026,0.003022222222222222
abu-urban-1,DMSAE Rec only,0.9749688585162379,0.2722157582295111,0.31137724550898205,0.26,0.3880597014925373,0.31788079470149305,3.5121686458587646,0.07168025772676935,0.0067
abu-urban-1,DMSAE Latent-RX only,0.9570818513893835,0.24605082334357847,0.2874251497005988,0.24,0.3582089552238806,0.2893081761001413,58.5103759765625,0.11003724957213329,0.0067
abu-urban-1,DMSAE Local only,0.9372016390412781,0.5777902027436999,0.47904191616766467,0.4,0.5970149253731343,0.5940594059401474,0.839031994342804,0.30907077418705325,0.0067
abu-urban-1,Rec + LatentRX,0.9739147812733373,0.2729192156766329,0.2634730538922156,0.22,0.3283582089552239,0.33628318584022526,0.9935893589358935,0.07258632840028188,0.0067
abu-urban-1,Rec + Local,0.9761837144690321,0.484169495700494,0.40718562874251496,0.34,0.5074626865671642,0.4958677685945471,0.9882138213821383,0.11658109332527937,0.0067
abu-urban-1,LatentRX + Local,0.9673453932391801,0.44634008579748424,0.3473053892215569,0.29,0.43283582089552236,0.49462365591357565,0.9938368836883689,0.16842847075405215,0.0067
abu-urban-1,Full Proposed,0.9795856116578088,0.46248290308758333,0.38323353293413176,0.32,0.47761194029850745,0.4799999999995577,0.9898614861486148,0.08496929427161985,0.0067
abu-urban-2,DMSAE Rec only,0.9878068120382051,0.6074900512520292,0.4627450980392157,0.59,0.38064516129032255,0.5415384615379626,3.1339268684387207,0.03941086846114779,0.0155
abu-urban-2,DMSAE Latent-RX only,0.994129982470224,0.8071994983592743,0.6875,0.8712871287128713,0.567741935483871,0.7285714285709343,49.27069091796875,0.033011681056373796,0.0155
abu-urban-2,DMSAE Local only,0.973313455331837,0.6372120227142988,0.5647058823529412,0.72,0.4645161290322581,0.5838509316765192,0.6676339507102966,0.1835449466734383,0.0155
abu-urban-2,Rec + LatentRX,0.9967741935483871,0.8508100104776875,0.6953125,0.8811881188118812,0.5741935483870968,0.7793696275066695,0.9673567356735674,0.01675977653631285,0.0155
abu-urban-2,Rec + Local,0.9925352643391929,0.788575150473051,0.6352941176470588,0.81,0.5225806451612903,0.7477744807116694,0.9626562656265627,0.06236668359573388,0.0155
abu-urban-2,LatentRX + Local,0.9922927964088533,0.8081122015055063,0.6901960784313725,0.88,0.567741935483871,0.7697368421047635,0.9746249624962497,0.05271711528694769,0.0155
abu-urban-2,Full Proposed,0.996227657727027,0.8648025651272148,0.6980392156862745,0.89,0.5741935483870968,0.7999999999995038,0.9756200620062006,0.024682579989842558,0.0155
abu-urban-3,DMSAE Rec only,0.9658541724660543,0.10532029242409029,0.20915032679738563,0.15841584158415842,0.3076923076923077,0.23030303030259866,0.885154128074646,0.10283474065138722,0.0052
abu-urban-3,DMSAE Latent-RX only,0.9833509248090069,0.16301893281161042,0.27631578947368424,0.21,0.40384615384615385,0.32704402515679254,51.044281005859375,0.05840369923602734,0.0052
abu-urban-3,DMSAE Local only,0.973765503696143,0.14616875781673982,0.25,0.19,0.36538461538461536,0.2981366459622956,1.1034083366394043,0.10082428628870124,0.0052
abu-urban-3,Rec + LatentRX,0.9839579273762024,0.3156430539355545,0.32679738562091504,0.24752475247524752,0.4807692307692308,0.4090909090904256,0.9919791979197919,0.04101326899879373,0.0052
abu-urban-3,Rec + Local,0.9824075577619004,0.20582753778163593,0.2894736842105263,0.22,0.4230769230769231,0.320610687022422,0.9877937793779379,0.044933655006031366,0.0052
abu-urban-3,LatentRX + Local,0.9914652346045592,0.38458862760274964,0.4473684210526316,0.34,0.6538461538461539,0.5306122448974611,0.9882738273827383,0.02683956574185766,0.0052
abu-urban-3,Full Proposed,0.9886293340756549,0.44346334725477465,0.3684210526315789,0.28,0.5384615384615384,0.45977011494204784,0.9900940094009401,0.02804583835946924,0.0052
abu-urban-4,DMSAE Rec only,0.9903481309258901,0.6542904521818063,0.34946236559139787,0.65,0.23897058823529413,0.7242424242419396,1.0763493776321411,0.02055921052631579,0.0272
abu-urban-4,DMSAE Latent-RX only,0.9739755919843266,0.6288334472429161,0.45161290322580644,0.84,0.3088235294117647,0.5738831615115295,18.0799560546875,0.08922697368421052,0.0272
abu-urban-4,DMSAE Local only,0.9565890758030186,0.6017328653661372,0.44623655913978494,0.83,0.30514705882352944,0.5545617173519154,0.8519660234451294,0.18349095394736842,0.0272
abu-urban-4,Rec + LatentRX,0.9926636875967493,0.8108831704911054,0.44086021505376344,0.82,0.3014705882352941,0.8012924071077464,0.9381138113811381,0.01655016447368421,0.0272
abu-urban-4,Rec + Local,0.9906047431308049,0.8147985859320367,0.5,0.93,0.34191176470588236,0.7663230240544849,0.9474147414741475,0.04224917763157895,0.0272
abu-urban-4,LatentRX + Local,0.9817387725546634,0.7238494828721894,0.5053763440860215,0.94,0.34558823529411764,0.6466809421836678,0.9692744274427443,0.08974095394736842,0.0272
abu-urban-4,Full Proposed,0.9935055192410024,0.8518638729331004,0.5,0.93,0.34191176470588236,0.819561551432893,0.9314931493149315,0.023848684210526317,0.0272
abu-urban-5,DMSAE Rec only,0.9607766563585529,0.3205045197129422,0.21084337349397592,0.35,0.15086206896551724,0.4728546409802531,0.8026155829429626,0.1303235053235053,0.0232
abu-urban-5,DMSAE Latent-RX only,0.9129518183936287,0.21529872333991165,0.19879518072289157,0.33,0.14224137931034483,0.31890660592205294,26.78955078125,0.350020475020475,0.0232
abu-urban-5,DMSAE Local only,0.9234190107034934,0.46630580118955217,0.4036144578313253,0.67,0.28879310344827586,0.4315789473679455,1.3040239810943604,0.3627149877149877,0.0232
abu-urban-5,Rec + LatentRX,0.9490472055127227,0.31802322013226864,0.25903614457831325,0.43,0.1853448275862069,0.42045454545410355,0.9356535653565357,0.22205159705159705,0.0232
abu-urban-5,Rec + Local,0.9704689750487164,0.5609387539817774,0.4036144578313253,0.67,0.28879310344827586,0.5786618444841422,0.9394639463946395,0.14434889434889434,0.0232
abu-urban-5,LatentRX + Local,0.9456055046033494,0.43078426280298227,0.3855421686746988,0.64,0.27586206896551724,0.42857142857094543,0.9722522252225223,0.22461097461097462,0.0232
abu-urban-5,Full Proposed,0.9658806288655426,0.5057860407009422,0.39759036144578314,0.66,0.28448275862068967,0.5319587628860989,0.9476297629762975,0.1642096642096642,0.0232
HYDICE-urban,DMSAE Rec only,0.956833115499615,0.6849244589746765,0.297029702970297,0.1875,0.7142857142857143,0.7567567567562659,0.7862555980682373,0.21443789948615113,0.002625
HYDICE-urban,DMSAE Latent-RX only,0.8658203975912963,0.4617292132346652,0.21782178217821782,0.1375,0.5238095238095238,0.52941176470541,96.623779296875,0.9481137987216444,0.002625
HYDICE-urban,DMSAE Local only,0.8869950286167857,0.14081988778944618,0.19801980198019803,0.125,0.47619047619047616,0.3333333333328333,1.9741075038909912,0.49404687304173456,0.002625
HYDICE-urban,Rec + LatentRX,0.904732064526525,0.6497376891614066,0.297029702970297,0.1875,0.7142857142857143,0.7272727272722644,0.9930741342667834,0.6164932948991102,0.002625
HYDICE-urban,Rec + Local,0.9434139616493293,0.5305368508883629,0.25742574257425743,0.1625,0.6190476190476191,0.5806451612898854,0.9968371046380797,0.2643188369469858,0.002625
HYDICE-urban,LatentRX + Local,0.8720361186209036,0.4920544187751663,0.2376237623762376,0.15,0.5714285714285714,0.5806451612898854,0.9970996374546819,0.8779295651084096,0.002625
HYDICE-urban,Full Proposed,0.9060151946478554,0.5912204627439699,0.25742574257425743,0.1625,0.6190476190476191,0.6874999999995489,0.9934429303662958,0.56573505451811,0.002625
