dataset,family,height,width,bands,pixels,anomaly_pixels,anomaly_prevalence
abu-airport-1,ABU,100,100,205,10000,144,0.0144
abu-airport-2,ABU,100,100,205,10000,87,0.0087
abu-airport-3,ABU,100,100,205,10000,170,0.017
abu-airport-4,ABU,100,100,191,10000,60,0.006
abu-beach-1,ABU,150,150,188,22500,19,0.0008444444444444444
abu-beach-2,ABU,100,100,193,10000,202,0.0202
abu-beach-3,ABU,100,100,188,10000,11,0.0011
abu-beach-4,ABU,150,150,102,22500,68,0.003022222222222222
abu-urban-1,ABU,100,100,204,10000,67,0.0067
abu-urban-2,ABU,100,100,207,10000,155,0.0155
abu-urban-3,ABU,100,100,191,10000,52,0.0052
abu-urban-4,ABU,100,100,205,10000,272,0.0272
abu-urban-5,ABU,100,100,205,10000,232,0.0232
HYDICE-urban,HYDICE,80,100,175,8000,21,0.002625
