method,scenes,roc_auc_mean,roc_auc_std,pr_auc_mean,pr_auc_std,f1_p99_mean,oracle_f1_mean,fpr95_mean,inference_seconds_mean,train_seconds_mean,parameter_count,mean_roc_auc_rank
PCA-RX,14,0.9585692736361366,0.041214311426359805,0.29997814147989965,0.22292749978890408,0.21017777990669248,0.4016844275635028,0.15726109680424602,0.0354345710000205,0.0,0,3.9285714285714284
RX,14,0.9573067158503317,0.043164382035033644,0.3323756915303206,0.2509770849490357,0.2434334668562935,0.414094376889668,0.19500066340226918,0.9445729529285651,0.0,0,3.5714285714285716
MSAE-Fusion,14,0.9542301566159281,0.041122828492958494,0.3906059855767755,0.2604511798154756,0.2711880431752826,0.43422840844220006,0.17911055460300815,0.0641282252143063,4.018889223285726,171975,3.2142857142857144
Proposed-SSMSAE,14,0.9533168902035877,0.04011603239871956,0.3898336212821828,0.2639791434519493,0.2687572631963723,0.4322490824588115,0.18516920673019358,0.06358875628572085,4.139769104714284,171975,3.0714285714285716
DMSAE-Reconstruction,14,0.9436437520327013,0.06545636681928775,0.3075790741561843,0.23640800854571126,0.22168600709498706,0.3882283030439919,0.18863790254693671,0.06358875628572085,4.139769104714284,171975,5.071428571428571
MSAE-Reconstruction,14,0.9429425536748297,0.06642956883321395,0.30099495867392406,0.24663885179502712,0.2138997990564604,0.38367539866886397,0.18883194698609426,0.0641282252143063,4.018889223285726,171975,5.214285714285714
AE-Reconstruction,14,0.9283188974059086,0.05077905846245503,0.18612816201653093,0.18110001365496778,0.12254693681250062,0.2684230727339441,0.2751819846824693,0.06488303485713232,4.144752754642866,171975,6.285714285714286
MSAE-LatentRX,14,0.9089960090276538,0.060355274764520454,0.23738568257790976,0.24719845406311236,0.19538656926546813,0.3075715569976161,0.3185045499199938,0.0641282252143063,4.018889223285726,171975,7.285714285714286
DMSAE-LatentRX,14,0.9065151910779282,0.06457310341045543,0.2472712515734828,0.247179213219299,0.20116611365243584,0.31620746952030726,0.33977414069630757,0.06358875628572085,4.139769104714284,171975,7.357142857142857
