dataset,AE-Reconstruction,DMSAE-LatentRX,DMSAE-Reconstruction,MSAE-Fusion,MSAE-LatentRX,MSAE-Reconstruction,PCA-RX,Proposed-SSMSAE,RX
HYDICE-urban,3.0,9.0,5.0,6.0,8.0,4.0,2.0,7.0,1.0
abu-airport-1,5.0,7.0,8.0,2.0,6.0,9.0,4.0,1.0,3.0
abu-airport-2,9.0,8.0,3.0,2.0,7.0,1.0,5.0,4.0,6.0
abu-airport-3,2.0,6.0,7.0,5.0,9.0,8.0,1.0,4.0,3.0
abu-airport-4,6.0,8.0,7.0,4.0,9.0,5.0,3.0,2.0,1.0
abu-beach-1,9.0,7.0,3.0,2.0,8.0,4.0,6.0,1.0,5.0
abu-beach-2,4.0,9.0,1.0,3.0,8.0,2.0,5.0,6.0,7.0
abu-beach-3,2.0,9.0,4.0,6.0,8.0,5.0,3.0,7.0,1.0
abu-beach-4,5.0,8.0,4.0,3.0,9.0,6.0,1.0,2.0,7.0
abu-urban-1,9.0,7.0,5.0,4.0,8.0,6.0,2.0,3.0,1.0
abu-urban-2,9.0,5.0,8.0,2.0,3.0,6.0,7.0,1.0,4.0
abu-urban-3,9.0,4.0,7.0,1.0,3.0,8.0,6.0,2.0,5.0
abu-urban-4,9.0,8.0,3.0,2.0,7.0,4.0,6.0,1.0,5.0
abu-urban-5,7.0,8.0,6.0,3.0,9.0,5.0,4.0,2.0,1.0
