method,metric,mean,ci95_low,ci95_high,n_scenes
AE-Reconstruction,roc_auc,0.9283188974059086,0.9020079960900856,0.9518188846393493,14
AE-Reconstruction,pr_auc,0.18612816201653093,0.10818433399773723,0.2874506541378843,14
DMSAE-LatentRX,roc_auc,0.9065151910779282,0.8729246923834797,0.9365861916163588,14
DMSAE-LatentRX,pr_auc,0.2472712515734828,0.13088596990234017,0.3777512799226662,14
DMSAE-Reconstruction,roc_auc,0.9436437520327011,0.9057792206706773,0.9712582327281052,14
DMSAE-Reconstruction,pr_auc,0.3075790741561843,0.19329907023142623,0.42883466272437637,14
MSAE-Fusion,roc_auc,0.954230156615928,0.9324836334677662,0.9731587639986142,14
MSAE-Fusion,pr_auc,0.3906059855767755,0.26090380797321194,0.5265973116079699,14
MSAE-LatentRX,roc_auc,0.9089960090276538,0.8775272954343164,0.9390791298113368,14
MSAE-LatentRX,pr_auc,0.23738568257790976,0.12404860468803579,0.3694106143455648,14
MSAE-Reconstruction,roc_auc,0.9429425536748296,0.9062559778992191,0.97123077058621,14
MSAE-Reconstruction,pr_auc,0.30099495867392406,0.18120382880043592,0.42709792578954275,14
PCA-RX,roc_auc,0.9585692736361366,0.9364142880304825,0.9767909552379447,14
PCA-RX,pr_auc,0.29997814147989965,0.19139899449942346,0.4148547998714923,14
Proposed-SSMSAE,roc_auc,0.9533168902035879,0.931792569934185,0.9731833513281833,14
Proposed-SSMSAE,pr_auc,0.3898336212821828,0.25970901788990075,0.5256795674943051,14
RX,roc_auc,0.9573067158503318,0.9349136059233447,0.9767699079498587,14
RX,pr_auc,0.3323756915303206,0.21786099726856403,0.46228001138966285,14
