seed,silhouette,davies_bouldin,calinski_harabasz
3,0.2352011501789093,1.287243831141147,2257.408203125
7,0.2362716794013977,1.2965597553103358,2208.709228515625
11,0.24078090488910675,1.2987490475220618,2174.583984375
17,0.23571579158306122,1.2797773454280101,2220.2763671875
23,0.24052627384662628,1.2747211721781933,2251.690185546875
31,0.23770244419574738,1.3181990335685954,2157.622802734375
37,0.24031025171279907,1.27928903232014,2196.017578125
43,0.23520345985889435,1.2869171319541075,2262.985107421875
53,0.23586848378181458,1.2807594823118928,2249.045166015625
67,0.22728902101516724,1.373306274239229,2003.026611328125
