,3,7,11,17,23,31,37,43,53,67
3,1.0,0.69759667,0.6115724,0.6518516,0.8617703,0.5491959,0.43754712,0.8408508,0.8630024,0.3239977
7,0.69759667,1.0,0.8416481,0.47015962,0.75648355,0.776627,0.35550022,0.6469013,0.78674936,0.3310916
11,0.6115724,0.8416481,1.0,0.4150233,0.655018,0.88382757,0.35658348,0.57179695,0.6851068,0.3345288
17,0.6518516,0.47015962,0.4150233,1.0,0.5621635,0.38330233,0.58373106,0.66536933,0.59035903,0.37787908
23,0.8617703,0.75648355,0.655018,0.5621635,1.0,0.5874942,0.3947694,0.7687969,0.86792564,0.29666966
31,0.5491959,0.776627,0.88382757,0.38330233,0.5874942,1.0,0.36668834,0.51574045,0.61578166,0.37330848
37,0.43754712,0.35550022,0.35658348,0.58373106,0.3947694,0.36668834,1.0,0.46326685,0.40434915,0.5582175
43,0.8408508,0.6469013,0.57179695,0.66536933,0.7687969,0.51574045,0.46326685,1.0,0.8270577,0.3556195
53,0.8630024,0.78674936,0.6851068,0.59035903,0.86792564,0.61578166,0.40434915,0.8270577,1.0,0.33362982
67,0.3239977,0.3310916,0.3345288,0.37787908,0.29666966,0.37330848,0.5582175,0.3556195,0.33362982,1.0
