bootstrap,silhouette,davies_bouldin,calinski_harabasz
1,0.23713305592536926,1.3020381252245885,430.63995361328125
2,0.24404895305633545,1.3131390619142513,453.6950988769531
3,0.25097957253456116,1.2553703547414747,468.48907470703125
4,0.23904690146446228,1.3153565878674076,456.8776550292969
5,0.2368393838405609,1.293973600510398,452.30828857421875
6,0.24665118753910065,1.27736643827304,467.5330505371094
7,0.2501366138458252,1.2702078626528672,472.30194091796875
8,0.2357369363307953,1.2914635650031194,434.31494140625
9,0.24453148245811462,1.2921522099436344,461.39801025390625
10,0.25273990631103516,1.2679021130087067,471.96612548828125
11,0.2360333800315857,1.3233027998264826,427.0642395019531
12,0.24893103539943695,1.2742009121237345,444.1808776855469
13,0.23882442712783813,1.2758326379709788,449.8614501953125
14,0.24513572454452515,1.2588993786302654,445.5883483886719
15,0.23816846311092377,1.28112996060235,447.690185546875
16,0.23199960589408875,1.3182171719288416,442.2596740722656
17,0.2405153214931488,1.2845202183208406,433.7973327636719
18,0.22412684559822083,1.3717481619117227,403.08721923828125
19,0.24671322107315063,1.2674385761506073,459.3420715332031
20,0.24658794701099396,1.2685625822890962,460.7613525390625
21,0.22648707032203674,1.3494576023999811,395.1058044433594
22,0.25371116399765015,1.2619051396920051,457.2215576171875
23,0.2398054450750351,1.329334652809195,422.4047546386719
24,0.23774725198745728,1.3097844193030017,428.9991455078125
25,0.24210815131664276,1.2926323249253515,447.6642150878906
26,0.2363775074481964,1.2948276546108641,427.351318359375
27,0.24705034494400024,1.2880798523298556,461.2234802246094
28,0.23779013752937317,1.2922265344648896,439.1220397949219
29,0.23441848158836365,1.2919062001637944,431.3221435546875
30,0.23572954535484314,1.2821405286488896,445.4764099121094
