spectral_unit,candidate_absorption_nm,mean_reflectance,prominence,note
0,2005.0799560546875,0.3876686692237854,0.0516473839157503,Candidate spectral minimum only; mineral identity requires independent validation.
0,911.572021484375,0.3949570655822754,0.012597170223023424,Candidate spectral minimum only; mineral identity requires independent validation.
0,977.0369873046875,0.3856393098831177,0.008300211961055293,Candidate spectral minimum only; mineral identity requires independent validation.
0,2216.239990234375,0.43389296531677246,0.006291755397253296,Candidate spectral minimum only; mineral identity requires independent validation.
1,2005.0799560546875,0.22680553793907166,0.030616390539027427,Candidate spectral minimum only; mineral identity requires independent validation.
1,2345.81005859375,0.2172648012638092,0.0031252241855877216,Candidate spectral minimum only; mineral identity requires independent validation.
1,1541.6800537109375,0.27424073219299316,0.003016954143719053,Candidate spectral minimum only; mineral identity requires independent validation.
1,977.0369873046875,0.19603563845157623,0.002709764675828341,Candidate spectral minimum only; mineral identity requires independent validation.
2,2005.0799560546875,0.29538843035697937,0.042743641156530066,Candidate spectral minimum only; mineral identity requires independent validation.
2,977.0369873046875,0.2771703898906708,0.005641891399035093,Candidate spectral minimum only; mineral identity requires independent validation.
2,855.7570190429688,0.27887821197509766,0.004504137087163518,Candidate spectral minimum only; mineral identity requires independent validation.
3,2014.3299560546875,0.20234143733978271,0.02552685307644459,Candidate spectral minimum only; mineral identity requires independent validation.
3,2345.81005859375,0.16336803138256073,0.008191936629199426,Candidate spectral minimum only; mineral identity requires independent validation.
3,1541.6800537109375,0.24420754611492157,0.004807809834878829,Candidate spectral minimum only; mineral identity requires independent validation.
3,879.6920166015625,0.17798273265361786,0.004057640215560737,Candidate spectral minimum only; mineral identity requires independent validation.
3,977.0369873046875,0.17569655179977417,0.0035881128842616405,Candidate spectral minimum only; mineral identity requires independent validation.
